,Wavenumber [cm^-1],NH4NO3 10%,NH4NO3 25%,NH4NO3 40%,(NH4)2SO4 10%,(NH4)2SO4 25%,(NH4)2SO4 40%,HNO3 10%,HNO3 35%,HNO3 50%,H2SO4 10%,H2SO4 24%,H2SO4 48%,H2SO4 72%
0,3720.0,,,0.0096,,,,0.00678,,0.00862,0.00729,0.00651,,
1,3740.0,,0.00538,0.00514,,,,0.00556,,0.00664,0.00561,0.0057,,
2,3760.0,0.00448,0.0042,0.00404,,,0.00345,0.00466,0.00567,0.00581,0.00466,0.00509,,
3,3780.0,0.00372,0.00354,0.00339,0.00338,,0.00296,0.00404,0.0049,0.00526,0.00402,0.0046,,
4,3800.0,0.00322,0.00308,0.00296,0.00307,0.00305,0.00255,0.00358,0.0044,0.00486,0.00356,0.0042,,
5,3820.0,0.00285,0.00275,0.00264,0.00278,0.00276,0.0023,0.00323,0.00403,0.00455,0.0032,0.00389,,
6,3840.0,0.00259,0.00251,0.00242,0.00249,0.00245,0.00215,0.00297,0.00376,0.00433,0.00295,0.00366,,
7,3860.0,0.00242,0.00236,0.00229,0.00234,0.00228,0.00202,0.0028,0.00358,0.00418,0.00277,0.0035,,
8,3880.0,0.00232,0.00227,0.00221,0.00226,0.00219,0.00194,0.00269,0.00346,0.00407,0.00266,0.00341,,
9,3900.0,0.00227,0.00222,0.00217,0.0022,0.00213,0.00189,0.00262,0.00337,0.00398,0.00259,0.00331,,
10,3920.0,0.00224,0.00219,0.00214,0.00213,0.00209,0.00185,0.00258,0.00331,0.0039,0.00255,0.00323,,0.00516
11,3940.0,0.00221,0.00216,0.0021,0.00212,0.00202,0.00182,0.00254,0.00324,0.00381,0.00251,0.00318,,0.00474
12,3960.0,0.00216,0.0021,0.00204,0.00209,0.00199,0.00179,0.00249,0.00315,0.0037,0.00245,0.00311,,0.00446
13,3980.0,0.00208,0.00201,0.00195,0.00202,0.00195,0.00173,0.0024,0.00303,0.00356,0.00238,0.00301,,0.00433
14,4000.0,0.00197,0.00189,0.00183,0.0019,0.00185,0.00165,0.00229,0.00289,0.0034,0.00227,0.00288,0.00448,0.00415
15,4020.0,0.00183,0.00176,0.0017,0.00176,0.00174,0.00157,0.00215,0.00272,0.00324,0.00213,0.00274,0.00394,0.00402
16,4040.0,0.00169,0.00161,0.00157,0.00164,0.00162,0.00148,0.002,0.00255,0.00306,0.00199,0.00259,0.00371,0.00387
17,4060.0,0.00154,0.00147,0.00144,0.00152,0.00149,0.00138,0.00184,0.00237,0.00288,0.00184,0.00243,0.00349,0.00377
18,4080.0,0.0014,0.00134,0.00131,0.00139,0.00136,0.00126,0.0017,0.0022,0.0027,0.00169,0.00227,0.0034,0.00351
19,4100.0,0.00128,0.00122,0.0012,0.00126,0.00125,0.00116,0.00156,0.00204,0.00252,0.00156,0.00213,0.00323,0.00333
20,4120.0,0.00116,0.00112,0.00109,0.00116,0.00115,0.00107,0.00144,0.0019,0.00234,0.00144,0.00199,0.00296,0.00314
21,4140.0,0.00107,0.00102,0.000999,0.00106,0.00106,0.000984,0.00133,0.00176,0.00218,0.00133,0.00187,0.00274,0.00291
22,4160.0,0.000979,0.000934,0.000912,0.000965,0.000972,0.000911,0.00124,0.00165,0.00204,0.00123,0.00176,0.00253,0.00279
23,4180.0,0.0009,0.000856,0.000835,0.000897,0.000893,0.000843,0.00115,0.00154,0.00191,0.00114,0.00164,0.00237,0.00273
24,4200.0,0.000829,0.000788,0.000769,0.000826,0.000825,0.000785,0.00107,0.00144,0.00181,0.00107,0.00155,0.00228,0.00263
25,4220.0,0.000765,0.000727,0.000712,0.000767,0.000771,0.000741,0.000997,0.00136,0.00172,0.000995,0.00146,0.0022,0.00253
26,4240.0,0.000706,0.000674,0.000664,0.000709,0.000722,0.000709,0.000931,0.00129,0.00164,0.00093,0.00139,0.00208,0.00245
27,4260.0,0.000654,0.000628,0.000624,0.000652,0.000679,0.000673,0.000873,0.00122,0.00157,0.000872,0.00132,0.00199,0.00237
28,4280.0,0.000608,0.000588,0.000592,0.00061,0.000643,0.000651,0.00082,0.00116,0.00151,0.00082,0.00127,0.00193,0.00232
29,4300.0,0.000567,0.000555,0.000566,0.000575,0.000612,0.000635,0.000773,0.00111,0.00145,0.000774,0.00121,0.00185,0.00225
30,4320.0,0.000532,0.000528,0.000548,0.000542,0.000588,0.000625,0.000731,0.00106,0.0014,0.000733,0.00117,0.0018,0.00217
31,4340.0,0.000503,0.000507,0.000535,0.000516,0.000571,0.000624,0.000695,0.00102,0.00136,0.000698,0.00113,0.00178,0.00211
32,4360.0,0.000477,0.000489,0.000526,0.000487,0.000556,0.000621,0.000663,0.000988,0.00132,0.000667,0.00109,0.00173,0.00206
33,4380.0,0.000455,0.000475,0.000521,0.000466,0.00054,0.00062,0.000635,0.000956,0.00128,0.00064,0.00106,0.00167,0.00204
34,4400.0,0.000438,0.000466,0.000524,0.000452,0.000533,0.000629,0.000612,0.000929,0.00125,0.000617,0.00104,0.00165,0.002
35,4420.0,0.000426,0.000464,0.000537,0.000441,0.000537,0.000646,0.000592,0.000905,0.00122,0.000598,0.00102,0.00161,0.00196
36,4440.0,0.000419,0.000469,0.000558,0.000432,0.00055,0.000681,0.000576,0.000884,0.00119,0.000581,0.000999,0.00158,0.00193
37,4460.0,0.000416,0.00048,0.000586,0.000433,0.000571,0.000726,0.000562,0.000866,0.00117,0.000568,0.000982,0.00156,0.00189
38,4480.0,0.000417,0.000494,0.000618,0.000443,0.000593,0.000771,0.000552,0.00085,0.00114,0.000558,0.000965,0.00152,0.00185
39,4500.0,0.00042,0.00051,0.000654,0.000448,0.000616,0.000816,0.000543,0.000836,0.00112,0.00055,0.000948,0.00149,0.00181
40,4520.0,0.000426,0.000529,0.000692,0.000452,0.000642,0.000861,0.000537,0.000824,0.0011,0.000544,0.000936,0.00148,0.00176
41,4540.0,0.000434,0.000552,0.000737,0.000456,0.000671,0.000911,0.000534,0.000814,0.00109,0.000541,0.000925,0.00146,0.00173
42,4560.0,0.000445,0.000579,0.000788,0.00047,0.000703,0.000966,0.000532,0.000806,0.00107,0.000539,0.000916,0.0014,0.00171
43,4580.0,0.00046,0.000611,0.000846,0.000491,0.000738,0.00103,0.000532,0.0008,0.00105,0.00054,0.000909,0.00138,0.00169
44,4600.0,0.000478,0.000647,0.000909,0.000515,0.000779,0.0011,0.000535,0.000795,0.00104,0.000543,0.0009,0.00137,0.00165
45,4620.0,0.000497,0.000682,0.000968,0.000537,0.00082,0.00115,0.000539,0.000792,0.00102,0.000548,0.000896,0.00136,0.00161
46,4640.0,0.000515,0.000711,0.00101,0.000556,0.000853,0.00119,0.000545,0.00079,0.00101,0.000555,0.000892,0.00134,0.00158
47,4660.0,0.00053,0.000729,0.00104,0.000568,0.000875,0.00119,0.000554,0.000791,0.000998,0.000564,0.000895,0.00133,0.00156
48,4680.0,0.000543,0.000737,0.00104,0.00058,0.000878,0.00119,0.000565,0.000793,0.000989,0.000575,0.000899,0.00133,0.00154
49,4700.0,0.000556,0.000739,0.00103,0.000595,0.000878,0.00117,0.000579,0.000798,0.000982,0.00059,0.000901,0.00131,0.00152
50,4720.0,0.00057,0.000737,0.00101,0.000606,0.000876,0.00115,0.000595,0.000806,0.000977,0.000606,0.000903,0.00129,0.0015
51,4740.0,0.000585,0.000731,0.000972,0.000627,0.000876,0.00112,0.000616,0.000817,0.000975,0.000627,0.000911,0.00128,0.00149
52,4760.0,0.000601,0.000723,0.000934,0.000647,0.000873,0.00108,0.000639,0.00083,0.000974,0.00065,0.000923,0.00128,0.00147
53,4780.0,0.000621,0.000718,0.000898,0.000661,0.000866,0.00104,0.000665,0.000846,0.000974,0.000676,0.000935,0.00128,0.00145
54,4800.0,0.000645,0.000718,0.000871,0.000681,0.000868,0.00103,0.000695,0.000864,0.000976,0.000706,0.000948,0.00128,0.00143
55,4820.0,0.000674,0.000728,0.00086,0.000716,0.000879,0.00102,0.000727,0.000884,0.00098,0.000738,0.000965,0.00128,0.00142
56,4840.0,0.000709,0.000747,0.000864,0.000755,0.000901,0.00103,0.000762,0.000905,0.000984,0.000774,0.000983,0.00128,0.00141
57,4860.0,0.00075,0.000775,0.000883,0.000798,0.000937,0.00106,0.000799,0.000928,0.000991,0.000812,0.00101,0.00127,0.00141
58,4880.0,0.000797,0.000812,0.000912,0.000845,0.000978,0.0011,0.00084,0.000955,0.000999,0.000855,0.00103,0.00128,0.00139
59,4900.0,0.000849,0.000852,0.000944,0.000894,0.00102,0.00114,0.000885,0.000984,0.00101,0.000902,0.00106,0.00129,0.00138
60,4920.0,0.000905,0.000895,0.000975,0.000942,0.00108,0.00118,0.000934,0.00102,0.00102,0.000953,0.0011,0.00131,0.00138
61,4940.0,0.000964,0.000937,0.001,0.00101,0.00113,0.00121,0.000988,0.00105,0.00104,0.00101,0.00114,0.00133,0.00139
62,4960.0,0.00103,0.000981,0.00102,0.00109,0.00117,0.00124,0.00105,0.0011,0.00106,0.00107,0.00118,0.00137,0.00138
63,4980.0,0.0011,0.00103,0.00104,0.00117,0.00122,0.00128,0.00112,0.00115,0.00109,0.00114,0.00123,0.00141,0.00138
64,5000.0,0.00118,0.00108,0.00107,0.00126,0.00129,0.00133,0.00119,0.00121,0.00112,0.00122,0.00129,0.00144,0.00138
65,5020.0,0.00127,0.00115,0.00111,0.00133,0.00137,0.00138,0.00128,0.00127,0.00115,0.00131,0.00136,0.00146,0.0014
66,5040.0,0.00137,0.00123,0.00117,0.00142,0.00144,0.00145,0.00137,0.00134,0.00119,0.0014,0.00143,0.00152,0.0014
67,5060.0,0.00148,0.00133,0.00125,0.00151,0.00153,0.00153,0.00147,0.00142,0.00123,0.00151,0.00151,0.00158,0.0014
68,5080.0,0.0016,0.00143,0.00135,0.00161,0.00165,0.00161,0.00157,0.00151,0.00128,0.00161,0.0016,0.00162,0.00141
69,5100.0,0.00172,0.00155,0.00146,0.00172,0.00176,0.00166,0.00168,0.00159,0.00133,0.00172,0.00168,0.00167,0.00142
70,5120.0,0.00185,0.00167,0.00158,0.00182,0.00184,0.00172,0.00179,0.00168,0.00138,0.00182,0.00175,0.00172,0.00142
71,5140.0,0.00196,0.0018,0.00171,0.00189,0.0019,0.0018,0.00188,0.00177,0.00144,0.00191,0.00182,0.00177,0.0014
72,5160.0,0.00204,0.0019,0.00182,0.00202,0.00195,0.00182,0.00195,0.00184,0.0015,0.00197,0.00187,0.00179,0.00138
73,5180.0,0.00208,0.00196,0.00189,0.00203,0.00194,0.00174,0.00199,0.00188,0.00156,0.00199,0.00188,0.00178,0.00135
74,5200.0,0.00205,0.00195,0.00188,0.00192,0.00183,0.00162,0.00196,0.00188,0.00159,0.00196,0.00185,0.00169,0.00128
75,5220.0,0.00193,0.00183,0.00173,0.00179,0.00169,0.00146,0.00186,0.00179,0.00153,0.00185,0.00174,0.00158,0.0012
76,5240.0,0.00172,0.00159,0.00146,0.0016,0.00148,0.00124,0.00167,0.00159,0.00136,0.00166,0.00156,0.00141,0.00109
77,5260.0,0.0014,0.00126,0.00111,0.00134,0.00119,0.000967,0.00138,0.0013,0.00111,0.00138,0.00131,0.00119,0.000981
78,5280.0,0.00102,0.000898,0.000776,0.000999,0.000868,0.000701,0.00104,0.000986,0.000863,0.00104,0.00102,0.000979,0.000891
79,5300.0,0.000697,0.000607,0.000525,0.000691,0.000601,0.000496,0.000736,0.000734,0.000686,0.000742,0.000773,0.000813,0.000823
80,5320.0,0.000466,0.000407,0.000359,0.000466,0.00042,0.000355,0.00052,0.000561,0.000572,0.000523,0.000601,0.000703,0.000778
81,5340.0,0.000324,0.000287,0.00026,0.000326,0.000308,0.000272,0.000386,0.000455,0.000504,0.000388,0.000493,0.00064,0.000743
82,5360.0,0.000243,0.000219,0.000204,0.00025,0.00024,0.000222,0.00031,0.000394,0.000462,0.000311,0.000431,0.000606,0.000705
83,5380.0,0.000196,0.000179,0.000171,0.000204,0.0002,0.000191,0.000264,0.000356,0.000433,0.000264,0.000396,0.000574,0.00068
84,5400.0,0.000168,0.000155,0.000152,0.000173,0.000177,0.000173,0.000237,0.000332,0.000412,0.000237,0.000372,0.000539,0.000659
85,5420.0,0.000153,0.000142,0.000141,0.000159,0.000162,0.000164,0.000221,0.000317,0.000397,0.000221,0.000356,0.000519,0.000639
86,5440.0,0.000144,0.000134,0.000134,0.000151,0.000156,0.000156,0.000211,0.000306,0.000384,0.00021,0.000345,0.000506,0.000619
87,5460.0,0.000139,0.000129,0.00013,0.000147,0.000152,0.000152,0.000204,0.000297,0.000374,0.000204,0.000334,0.000495,0.000602
88,5480.0,0.000136,0.000126,0.000127,0.000145,0.000146,0.000151,0.0002,0.000291,0.000364,0.0002,0.000326,0.000482,0.000587
89,5500.0,0.000134,0.000125,0.000126,0.000142,0.000144,0.00015,0.000198,0.000286,0.000356,0.000197,0.00032,0.000469,0.000574
90,5520.0,0.000133,0.000124,0.000125,0.000141,0.000143,0.000147,0.000195,0.000281,0.000348,0.000195,0.000317,0.000458,0.00056
91,5540.0,0.000133,0.000123,0.000124,0.000141,0.000145,0.000148,0.000194,0.000277,0.000339,0.000193,0.000313,0.000458,0.000547
92,5560.0,0.000132,0.000122,0.000122,0.000141,0.000148,0.000146,0.000192,0.000272,0.000331,0.000192,0.000307,0.000443,0.000537
93,5580.0,0.000131,0.00012,0.00012,0.000142,0.000146,0.000145,0.000189,0.000266,0.000322,0.00019,0.000302,0.00043,0.00052
94,5600.0,0.000129,0.000118,0.000117,0.000139,0.000143,0.000148,0.000186,0.00026,0.000313,0.000187,0.000297,0.000423,0.000507
95,5620.0,0.000126,0.000114,0.000113,0.000132,0.000141,0.000148,0.000182,0.000253,0.000303,0.000183,0.00029,0.000408,0.000493
96,5640.0,0.000122,0.000109,0.000108,0.000127,0.000137,0.000142,0.000176,0.000246,0.000294,0.000177,0.000282,0.000397,0.000475
97,5660.0,0.000116,0.000104,0.000103,0.000126,0.000134,0.000137,0.00017,0.000238,0.000284,0.000171,0.000275,0.000384,0.000464
98,5680.0,0.000111,9.84e-05,9.76e-05,0.000121,0.000127,0.000134,0.000163,0.00023,0.000275,0.000165,0.000266,0.000376,0.000452
99,5700.0,0.000105,9.31e-05,9.26e-05,0.000114,0.000119,0.000132,0.000157,0.000222,0.000266,0.000158,0.000255,0.000371,0.000439
100,5720.0,9.97e-05,8.82e-05,8.8e-05,0.000107,0.000114,0.000128,0.00015,0.000214,0.000257,0.000152,0.000246,0.000361,0.000425
101,5740.0,9.49e-05,8.37e-05,8.38e-05,0.000106,0.000114,0.000122,0.000145,0.000207,0.000249,0.000146,0.00024,0.000349,0.000414
102,5760.0,9.08e-05,7.98e-05,8.02e-05,0.000103,0.000111,0.000117,0.000139,0.000201,0.000241,0.000141,0.000235,0.000334,0.000402
103,5780.0,8.73e-05,7.65e-05,7.72e-05,9.97e-05,0.000106,0.000113,0.000135,0.000195,0.000234,0.000137,0.000226,0.000322,0.000389
104,5800.0,8.43e-05,7.38e-05,7.48e-05,9.77e-05,0.000104,0.000114,0.000131,0.00019,0.000227,0.000133,0.000218,0.000312,0.000376
105,5820.0,8.2e-05,7.17e-05,7.3e-05,9.57e-05,0.000102,0.000112,0.000128,0.000185,0.000221,0.000129,0.000215,0.000307,0.000361
106,5840.0,8.02e-05,7.01e-05,7.17e-05,9.29e-05,0.000104,0.000109,0.000125,0.00018,0.000215,0.000126,0.000209,0.000298,0.000353
107,5860.0,7.88e-05,6.89e-05,7.1e-05,9.3e-05,0.000101,0.000109,0.000122,0.000176,0.000209,0.000124,0.000205,0.000295,0.000343
108,5880.0,7.77e-05,6.82e-05,7.07e-05,9.14e-05,9.96e-05,0.000109,0.00012,0.000173,0.000204,0.000122,0.000205,0.000288,0.00033
109,5900.0,7.71e-05,6.79e-05,7.09e-05,8.86e-05,9.83e-05,0.000111,0.000118,0.000169,0.000199,0.00012,0.000199,0.000276,0.000319
110,5920.0,7.68e-05,6.77e-05,7.14e-05,8.9e-05,9.8e-05,0.000113,0.000116,0.000166,0.000195,0.000118,0.000193,0.000267,0.000313
111,5940.0,7.67e-05,6.79e-05,7.2e-05,8.82e-05,0.000102,0.000114,0.000115,0.000163,0.00019,0.000117,0.000191,0.000261,0.000305
112,5960.0,7.68e-05,6.84e-05,7.28e-05,9.09e-05,0.000103,0.000113,0.000114,0.000161,0.000186,0.000116,0.000191,0.000257,0.000296
113,5980.0,7.71e-05,6.89e-05,7.37e-05,8.96e-05,0.000103,0.000112,0.000113,0.000158,0.000182,0.000115,0.000188,0.00025,0.000287
114,6000.0,7.76e-05,6.97e-05,7.49e-05,9.06e-05,0.000107,0.000115,0.000112,0.000156,0.000179,0.000114,0.000183,0.000243,0.000276
115,6020.0,7.83e-05,7.06e-05,7.63e-05,9.12e-05,0.00011,0.000117,0.000112,0.000154,0.000175,0.000114,0.000181,0.000239,0.00027
116,6040.0,7.92e-05,7.18e-05,7.8e-05,9.25e-05,0.000108,0.00012,0.000112,0.000153,0.000172,0.000113,0.000178,0.000241,0.000263
117,6060.0,8.05e-05,7.33e-05,8.01e-05,9.76e-05,0.000108,0.000122,0.000111,0.000151,0.000169,0.000113,0.000174,0.000239,0.00025
118,6080.0,8.19e-05,7.51e-05,8.24e-05,9.62e-05,0.000111,0.000127,0.000112,0.00015,0.000165,0.000114,0.000174,0.000232,0.000247
119,6100.0,8.36e-05,7.7e-05,8.47e-05,9.45e-05,0.00011,0.000133,0.000112,0.000149,0.000163,0.000114,0.000175,0.000226,0.000241
120,6120.0,8.53e-05,7.9e-05,8.7e-05,9.88e-05,0.000113,0.000136,0.000112,0.000148,0.00016,0.000114,0.000175,0.000222,0.000233
121,6140.0,8.72e-05,8.12e-05,8.95e-05,0.000105,0.000115,0.000136,0.000113,0.000147,0.000157,0.000115,0.000174,0.000219,0.000226
122,6160.0,8.92e-05,8.33e-05,9.2e-05,0.000108,0.000117,0.000141,0.000114,0.000146,0.000155,0.000116,0.000171,0.000214,0.000217
123,6180.0,9.14e-05,8.56e-05,9.48e-05,0.000108,0.000118,0.000143,0.000115,0.000145,0.000153,0.000117,0.000168,0.00021,0.000212
124,6200.0,9.38e-05,8.82e-05,9.78e-05,0.000112,0.000118,0.000145,0.000116,0.000145,0.00015,0.000118,0.000166,0.000207,0.000209
125,6220.0,9.64e-05,9.09e-05,0.000101,0.000111,0.000128,0.000149,0.000117,0.000145,0.000148,0.00012,0.000168,0.000198,0.000198
126,6240.0,9.93e-05,9.41e-05,0.000105,0.000114,0.000136,0.000151,0.000118,0.000144,0.000146,0.000121,0.000171,0.000199,0.000196
127,6260.0,0.000102,9.74e-05,0.000109,0.000114,0.000139,0.000155,0.00012,0.000145,0.000144,0.000123,0.000176,0.000196,0.000196
128,6280.0,0.000106,0.000101,0.000113,0.000115,0.000142,0.000162,0.000122,0.000145,0.000143,0.000125,0.000175,0.000191,0.00019
129,6300.0,0.000109,0.000104,0.000117,0.00012,0.000145,0.00017,0.000125,0.000145,0.000141,0.000128,0.000172,0.000189,0.000185
130,6320.0,0.000113,0.000108,0.000121,0.000129,0.00015,0.000168,0.000127,0.000146,0.00014,0.000131,0.000172,0.000185,0.000178
131,6340.0,0.000117,0.000112,0.000125,0.000137,0.000155,0.000169,0.00013,0.000147,0.000139,0.000134,0.000172,0.000181,0.000172
132,6360.0,0.000121,0.000115,0.000128,0.00014,0.000159,0.000174,0.000133,0.000149,0.000137,0.000137,0.000174,0.000182,0.000171
133,6380.0,0.000126,0.000119,0.000131,0.000143,0.000163,0.000175,0.000137,0.00015,0.000137,0.000141,0.000175,0.000182,0.000168
134,6400.0,0.000131,0.000122,0.000133,0.000143,0.000167,0.000178,0.000141,0.000152,0.000136,0.000145,0.000175,0.000185,0.000164
135,6420.0,0.000136,0.000126,0.000135,0.00015,0.00017,0.000181,0.000146,0.000154,0.000136,0.00015,0.000182,0.000182,0.000157
136,6440.0,0.000142,0.00013,0.000136,0.00016,0.00017,0.000184,0.000151,0.000156,0.000135,0.000156,0.000182,0.000177,0.000156
137,6460.0,0.000148,0.000133,0.000138,0.000162,0.000171,0.000181,0.000156,0.000159,0.000136,0.000161,0.000186,0.000181,0.000151
138,6480.0,0.000154,0.000138,0.00014,0.000172,0.000178,0.000182,0.000162,0.000162,0.000136,0.000167,0.000187,0.000175,0.000144
139,6500.0,0.000161,0.000142,0.000142,0.000175,0.000183,0.000189,0.000168,0.000166,0.000136,0.000174,0.000192,0.000171,0.000146
140,6520.0,0.000169,0.000147,0.000145,0.000184,0.000191,0.000195,0.000175,0.00017,0.000137,0.000181,0.000195,0.000183,0.000146
141,6540.0,0.000177,0.000153,0.000148,0.000206,0.000199,0.000199,0.000182,0.000174,0.000138,0.000189,0.000195,0.000185,0.00015
142,6560.0,0.000186,0.000159,0.000148,0.000209,0.000205,0.0002,0.00019,0.000179,0.000139,0.000197,0.000198,0.000181,0.000145
143,6580.0,0.000195,0.000166,0.000151,0.000216,0.000214,0.000205,0.000199,0.000184,0.000141,0.000206,0.000202,0.000178,0.000137
144,6600.0,0.000205,0.000173,0.00016,0.000226,0.000218,0.000207,0.000208,0.000189,0.000143,0.000215,0.000212,0.000181,0.00013
145,6620.0,0.000216,0.000181,0.000166,0.000235,0.000231,0.000216,0.000217,0.000195,0.000145,0.000225,0.000223,0.00018,0.00013
146,6640.0,0.000228,0.000189,0.000172,0.000242,0.000239,0.000222,0.000227,0.000202,0.000148,0.000236,0.000229,0.000183,0.000127
147,6660.0,0.00024,0.000199,0.000178,0.000263,0.000242,0.000232,0.000238,0.000209,0.000151,0.000247,0.000234,0.000184,0.000124
148,6680.0,0.000253,0.000208,0.000185,0.000283,0.000251,0.000239,0.00025,0.000216,0.000154,0.000259,0.00024,0.000201,0.000122
149,6700.0,0.000266,0.000219,0.000194,0.000287,0.00026,0.000248,0.000261,0.000224,0.000158,0.00027,0.00025,0.000198,0.000123
150,6720.0,0.000279,0.00023,0.000203,0.000299,0.000269,0.00025,0.000273,0.000233,0.000163,0.000283,0.000253,0.0002,0.000122
151,6740.0,0.000292,0.000242,0.000212,0.000316,0.000287,0.000257,0.000286,0.000242,0.000167,0.000295,0.000259,0.000202,0.000122
152,6760.0,0.000306,0.000253,0.000222,0.00032,0.000297,0.000258,0.000298,0.00025,0.000172,0.000307,0.00027,0.000194,0.00012
153,6780.0,0.000319,0.000265,0.000231,0.000328,0.000299,0.000264,0.000309,0.000258,0.000176,0.000318,0.000278,0.000205,0.000117
154,6800.0,0.00033,0.000275,0.00024,0.000346,0.000311,0.000277,0.000319,0.000266,0.00018,0.000328,0.000288,0.000208,0.000115
155,6820.0,0.00034,0.000283,0.000246,0.000359,0.000317,0.000282,0.000327,0.000271,0.000183,0.000336,0.000293,0.000203,0.000114
156,6840.0,0.000347,0.000289,0.000251,0.000358,0.000319,0.000276,0.000333,0.000275,0.000185,0.000341,0.000293,0.000284,0.000113
157,6860.0,0.00035,0.000293,0.000255,0.000367,0.000322,0.000272,0.000336,0.000277,0.000186,0.000343,0.000292,0.000289,0.000113
158,6880.0,0.000352,0.000297,0.000258,0.000367,0.000321,0.000266,0.000337,0.000279,0.000188,0.000344,0.00029,0.000219,0.000112
159,6900.0,0.000352,0.000299,0.000262,0.000354,0.000317,0.000269,0.000337,0.000281,0.000192,0.000343,0.000289,0.000272,0.00011
160,6920.0,0.000352,0.000302,0.000266,0.00035,0.000313,0.00027,0.000336,0.000283,0.000196,0.000341,0.000287,0.000241,0.000108
161,6940.0,0.00035,0.000303,0.00027,0.000351,0.000306,0.00025,0.000334,0.000284,0.000201,0.000337,0.000288,0.000233,0.000106
162,6960.0,0.000346,0.000303,0.000271,0.000343,0.000296,0.000234,0.000331,0.000284,0.000206,0.000332,0.000285,0.000269,0.000103
163,6980.0,0.000339,0.0003,0.00027,0.000331,0.000288,0.000233,0.000325,0.000282,0.000209,0.000325,0.00028,0.000314,0.0001
164,7000.0,0.00033,0.000295,0.000266,0.000319,0.000284,0.000219,0.000316,0.000277,0.000211,0.000315,0.000275,0.00021,9.62e-05
165,7020.0,0.000319,0.000287,0.000259,0.000304,0.000278,0.000214,0.000306,0.00027,0.00021,0.000303,0.000265,0.000244,9.09e-05
166,7040.0,0.000304,0.000273,0.000246,0.000289,0.000256,0.0002,0.000291,0.000259,0.000204,0.000289,0.000258,0.000174,8.32e-05
167,7060.0,0.000285,0.000256,0.000229,0.000275,0.000236,0.000185,0.000274,0.000243,0.000192,0.000271,0.000241,0.000159,7.55e-05
168,7080.0,0.000263,0.000234,0.000207,0.000247,0.000211,0.000158,0.000253,0.000224,0.000175,0.00025,0.00022,0.000143,6.81e-05
169,7100.0,0.000237,0.000208,0.000182,0.000228,0.000186,0.000137,0.000229,0.0002,0.000153,0.000226,0.000189,0.000126,6.01e-05
170,7120.0,0.000208,0.00018,0.000155,0.000204,0.000162,0.000118,0.000201,0.000173,0.000129,0.000199,0.000168,0.000109,5.27e-05
171,7140.0,0.000177,0.000151,0.000129,0.000177,0.000134,0.000101,0.000172,0.000146,0.000106,0.00017,0.000143,9.11e-05,4.64e-05
172,7160.0,0.000147,0.000124,0.000106,0.000156,0.00011,8.45e-05,0.000143,0.000121,8.7e-05,0.000142,0.000121,7.7e-05,4.15e-05
173,7180.0,0.00012,0.0001,8.57e-05,0.000117,9.1e-05,7.02e-05,0.000117,9.95e-05,7.34e-05,0.000116,9.52e-05,6.57e-05,3.76e-05
174,7200.0,9.7e-05,8.22e-05,6.96e-05,9.1e-05,7.55e-05,5.86e-05,9.51e-05,7.73e-05,6.17e-05,9.44e-05,7.9e-05,5.66e-05,3.46e-05
175,7220.0,7.85e-05,6.75e-05,5.81e-05,7.51e-05,6.18e-05,4.99e-05,7.8e-05,6.65e-05,5.24e-05,7.68e-05,6.64e-05,4.96e-05,3.22e-05
176,7240.0,6.58e-05,5.71e-05,4.97e-05,6.27e-05,5.24e-05,4.34e-05,6.52e-05,5.69e-05,4.57e-05,6.33e-05,5.67e-05,4.43e-05,2.99e-05
177,7260.0,5.68e-05,5.11e-05,4.35e-05,5.43e-05,4.63e-05,3.86e-05,5.61e-05,5.01e-05,4.14e-05,5.46e-05,4.99e-05,4.06e-05,2.82e-05
178,7280.0,5.03e-05,4.57e-05,3.94e-05,4.87e-05,4.2e-05,3.57e-05,5.01e-05,4.53e-05,3.82e-05,4.85e-05,4.55e-05,3.81e-05,2.68e-05
179,7300.0,4.59e-05,4.21e-05,3.67e-05,4.46e-05,3.88e-05,3.36e-05,4.59e-05,4.18e-05,3.6e-05,4.42e-05,4.23e-05,3.61e-05,2.56e-05
180,7320.0,4.27e-05,3.94e-05,3.46e-05,4.17e-05,3.64e-05,3.2e-05,4.28e-05,3.94e-05,3.41e-05,4.12e-05,3.99e-05,3.45e-05,2.45e-05
181,7340.0,4.03e-05,3.73e-05,3.29e-05,3.94e-05,3.45e-05,3.06e-05,4.03e-05,3.74e-05,3.26e-05,3.89e-05,3.79e-05,3.31e-05,2.35e-05
182,7360.0,3.83e-05,3.56e-05,3.15e-05,3.75e-05,3.3e-05,2.94e-05,3.82e-05,3.56e-05,3.12e-05,3.71e-05,3.62e-05,3.16e-05,2.25e-05
183,7380.0,3.64e-05,3.41e-05,3.02e-05,3.59e-05,3.16e-05,2.84e-05,3.65e-05,3.4e-05,2.99e-05,3.53e-05,3.46e-05,3.03e-05,2.16e-05
184,7400.0,3.48e-05,3.25e-05,2.88e-05,3.42e-05,3.03e-05,2.72e-05,3.49e-05,3.23e-05,2.82e-05,3.37e-05,3.31e-05,2.9e-05,2.06e-05
185,7420.0,3.31e-05,3.08e-05,2.75e-05,3.22e-05,2.88e-05,2.61e-05,3.32e-05,3.05e-05,2.66e-05,3.2e-05,3.16e-05,2.76e-05,1.97e-05
186,7440.0,3.12e-05,2.92e-05,2.61e-05,3.06e-05,2.73e-05,2.48e-05,3.12e-05,2.88e-05,2.51e-05,3.02e-05,3e-05,2.61e-05,1.89e-05
187,7460.0,2.93e-05,2.74e-05,2.45e-05,2.87e-05,2.58e-05,2.35e-05,2.93e-05,2.7e-05,2.4e-05,2.84e-05,2.82e-05,2.47e-05,1.8e-05
188,7480.0,2.74e-05,2.57e-05,2.3e-05,2.69e-05,2.43e-05,2.23e-05,2.74e-05,2.52e-05,2.27e-05,2.65e-05,2.63e-05,2.31e-05,1.71e-05
189,7500.0,2.55e-05,2.4e-05,2.15e-05,2.46e-05,2.28e-05,2.11e-05,2.55e-05,2.34e-05,2.1e-05,2.46e-05,2.45e-05,2.15e-05,1.62e-05
190,7520.0,2.37e-05,2.23e-05,2e-05,2.35e-05,2.13e-05,1.99e-05,2.37e-05,2.17e-05,1.91e-05,2.28e-05,2.27e-05,2e-05,1.53e-05
191,7540.0,2.21e-05,2.08e-05,1.87e-05,2.18e-05,2e-05,1.87e-05,2.2e-05,2.01e-05,1.78e-05,2.12e-05,2.13e-05,1.87e-05,1.45e-05
192,7560.0,2.06e-05,1.95e-05,1.75e-05,2.03e-05,1.88e-05,1.76e-05,2.03e-05,1.87e-05,1.65e-05,1.97e-05,1.99e-05,1.75e-05,1.38e-05
193,7580.0,1.92e-05,1.83e-05,1.64e-05,1.9e-05,1.76e-05,1.67e-05,1.89e-05,1.74e-05,1.54e-05,1.84e-05,1.84e-05,1.64e-05,1.32e-05
194,7600.0,1.8e-05,1.72e-05,1.55e-05,1.79e-05,1.66e-05,1.6e-05,1.76e-05,1.63e-05,1.45e-05,1.72e-05,1.74e-05,1.56e-05,1.26e-05
195,7620.0,1.69e-05,1.62e-05,1.47e-05,1.69e-05,1.57e-05,1.53e-05,1.64e-05,1.53e-05,1.37e-05,1.65e-05,1.61e-05,1.46e-05,1.21e-05
196,7640.0,1.6e-05,1.53e-05,1.4e-05,1.6e-05,1.52e-05,1.47e-05,1.55e-05,1.45e-05,1.3e-05,1.55e-05,1.52e-05,1.39e-05,1.17e-05
197,7660.0,1.52e-05,1.46e-05,1.34e-05,1.49e-05,1.47e-05,1.43e-05,1.47e-05,1.38e-05,1.25e-05,1.48e-05,1.45e-05,1.33e-05,1.13e-05
198,7680.0,1.45e-05,1.39e-05,1.3e-05,1.42e-05,1.42e-05,1.38e-05,1.42e-05,1.32e-05,1.19e-05,1.41e-05,1.38e-05,1.28e-05,1.09e-05
199,7700.0,1.38e-05,1.34e-05,1.26e-05,1.36e-05,1.36e-05,1.34e-05,1.35e-05,1.26e-05,1.14e-05,1.35e-05,1.33e-05,1.24e-05,1.05e-05
200,7720.0,1.34e-05,1.3e-05,1.22e-05,1.31e-05,1.32e-05,1.32e-05,1.3e-05,1.23e-05,1.06e-05,1.3e-05,1.29e-05,1.2e-05,1.02e-05
201,7740.0,1.3e-05,1.26e-05,1.18e-05,1.27e-05,1.28e-05,1.3e-05,1.26e-05,1.18e-05,1.03e-05,1.25e-05,1.24e-05,1.16e-05,9.91e-06
202,7760.0,1.25e-05,1.22e-05,1.14e-05,1.24e-05,1.26e-05,1.27e-05,1.2e-05,1.15e-05,9.94e-06,1.21e-05,1.2e-05,1.13e-05,9.68e-06
203,7780.0,1.21e-05,1.15e-05,1.12e-05,1.2e-05,1.23e-05,1.25e-05,1.17e-05,1.12e-05,9.68e-06,1.19e-05,1.18e-05,1.1e-05,9.43e-06
204,7800.0,1.16e-05,1.15e-05,1.09e-05,1.17e-05,1.22e-05,1.24e-05,1.14e-05,1.09e-05,9.44e-06,1.16e-05,1.15e-05,1.08e-05,9.14e-06
205,7820.0,1.14e-05,1.15e-05,1.07e-05,1.16e-05,1.21e-05,1.23e-05,1.12e-05,1.07e-05,9.23e-06,1.14e-05,1.13e-05,1.05e-05,8.88e-06
206,7840.0,1.12e-05,1.1e-05,1.07e-05,1.15e-05,1.19e-05,1.23e-05,1.1e-05,1.05e-05,9.02e-06,1.12e-05,1.11e-05,1.03e-05,8.66e-06
207,7860.0,1.07e-05,1.08e-05,1.06e-05,1.14e-05,1.19e-05,1.22e-05,1.08e-05,1.03e-05,8.8e-06,1.11e-05,1.09e-05,1.01e-05,8.47e-06
208,7880.0,1.07e-05,1.08e-05,1.04e-05,1.13e-05,1.18e-05,1.22e-05,1.07e-05,1.02e-05,8.64e-06,1.09e-05,1.08e-05,9.92e-06,8.24e-06
209,7900.0,1.07e-05,1.07e-05,1.04e-05,1.13e-05,1.17e-05,1.21e-05,1.06e-05,1.01e-05,8.51e-06,1.08e-05,1.06e-05,9.78e-06,8.04e-06
210,7920.0,1.06e-05,1.03e-05,1.02e-05,1.13e-05,1.17e-05,1.22e-05,1.06e-05,9.99e-06,8.41e-06,1.08e-05,1.06e-05,9.64e-06,7.88e-06
211,7940.0,1.07e-05,1.03e-05,1.02e-05,1.13e-05,1.17e-05,1.21e-05,1.06e-05,9.91e-06,8.3e-06,1.08e-05,1.05e-05,9.52e-06,7.72e-06
212,7960.0,1.06e-05,1.03e-05,1.02e-05,1.13e-05,1.17e-05,1.2e-05,1.06e-05,9.82e-06,8.16e-06,1.07e-05,1.04e-05,9.37e-06,7.53e-06
213,7980.0,1.07e-05,1.03e-05,1.01e-05,1.13e-05,1.17e-05,1.2e-05,1.06e-05,9.78e-06,8.05e-06,1.08e-05,1.04e-05,9.24e-06,7.34e-06
214,8000.0,1.07e-05,1.03e-05,1e-05,1.13e-05,1.16e-05,1.19e-05,1.06e-05,9.77e-06,7.97e-06,1.08e-05,1.04e-05,9.16e-06,7.18e-06
215,8020.0,1.07e-05,1.03e-05,1e-05,1.14e-05,1.17e-05,1.18e-05,1.06e-05,9.69e-06,7.9e-06,1.08e-05,1.04e-05,9.04e-06,7.06e-06
216,8040.0,1.08e-05,1.03e-05,9.98e-06,1.14e-05,1.17e-05,1.17e-05,1.07e-05,9.7e-06,7.83e-06,1.08e-05,1.03e-05,8.91e-06,6.95e-06
217,8060.0,1.09e-05,1.03e-05,9.96e-06,1.14e-05,1.17e-05,1.16e-05,1.07e-05,9.78e-06,7.79e-06,1.09e-05,1.03e-05,8.85e-06,6.82e-06
218,8080.0,1.09e-05,1.04e-05,9.91e-06,1.15e-05,1.17e-05,1.15e-05,1.07e-05,9.79e-06,7.71e-06,1.09e-05,1.03e-05,8.78e-06,6.65e-06
219,8100.0,1.09e-05,1.04e-05,9.86e-06,1.15e-05,1.16e-05,1.15e-05,1.08e-05,9.77e-06,7.65e-06,1.1e-05,1.03e-05,8.67e-06,6.54e-06
220,8120.0,1.1e-05,1.04e-05,9.82e-06,1.15e-05,1.16e-05,1.13e-05,1.09e-05,9.76e-06,7.58e-06,1.1e-05,1.03e-05,8.6e-06,6.43e-06
221,8140.0,1.11e-05,1.04e-05,9.73e-06,1.16e-05,1.15e-05,1.12e-05,1.09e-05,9.78e-06,7.52e-06,1.11e-05,1.02e-05,8.54e-06,6.32e-06
222,8160.0,1.12e-05,1.05e-05,9.71e-06,1.16e-05,1.15e-05,1.11e-05,1.1e-05,9.75e-06,7.52e-06,1.11e-05,1.03e-05,8.49e-06,6.21e-06
223,8180.0,1.13e-05,1.05e-05,9.76e-06,1.17e-05,1.15e-05,1.1e-05,1.1e-05,9.79e-06,7.54e-06,1.12e-05,1.03e-05,8.44e-06,6.11e-06
224,8200.0,1.14e-05,1.06e-05,9.76e-06,1.17e-05,1.14e-05,1.09e-05,1.11e-05,9.82e-06,7.52e-06,1.13e-05,1.03e-05,8.39e-06,6.04e-06
225,8220.0,1.14e-05,1.06e-05,9.71e-06,1.17e-05,1.14e-05,1.08e-05,1.12e-05,9.82e-06,7.49e-06,1.13e-05,1.04e-05,8.35e-06,5.97e-06
226,8240.0,1.15e-05,1.06e-05,9.66e-06,1.18e-05,1.14e-05,1.07e-05,1.12e-05,9.84e-06,7.52e-06,1.13e-05,1.04e-05,8.33e-06,5.9e-06
227,8260.0,1.15e-05,1.06e-05,9.7e-06,1.18e-05,1.13e-05,1.06e-05,1.13e-05,9.9e-06,7.54e-06,1.13e-05,1.04e-05,8.32e-06,5.81e-06
228,8280.0,1.16e-05,1.06e-05,9.71e-06,1.18e-05,1.13e-05,1.05e-05,1.13e-05,9.94e-06,7.56e-06,1.14e-05,1.04e-05,8.29e-06,5.72e-06
229,8300.0,1.17e-05,1.07e-05,9.66e-06,1.18e-05,1.13e-05,1.04e-05,1.14e-05,1e-05,7.58e-06,1.14e-05,1.04e-05,8.26e-06,5.64e-06
230,8320.0,1.17e-05,1.07e-05,9.73e-06,1.19e-05,1.12e-05,1.03e-05,1.14e-05,1.01e-05,7.61e-06,1.15e-05,1.04e-05,8.25e-06,5.59e-06
231,8340.0,1.17e-05,1.08e-05,9.77e-06,1.19e-05,1.12e-05,1.02e-05,1.14e-05,1.01e-05,7.65e-06,1.15e-05,1.04e-05,8.19e-06,5.52e-06
232,8360.0,1.17e-05,1.09e-05,9.76e-06,1.18e-05,1.11e-05,1.01e-05,1.14e-05,1.01e-05,7.64e-06,1.15e-05,1.04e-05,8.18e-06,5.48e-06
233,8380.0,1.17e-05,1.08e-05,9.73e-06,1.18e-05,1.1e-05,9.97e-06,1.14e-05,1.01e-05,7.63e-06,1.14e-05,1.04e-05,8.17e-06,5.42e-06
234,8400.0,1.17e-05,1.07e-05,9.75e-06,1.17e-05,1.09e-05,9.84e-06,1.14e-05,1.01e-05,7.64e-06,1.13e-05,1.03e-05,8.11e-06,5.34e-06
235,8420.0,1.16e-05,1.07e-05,9.82e-06,1.15e-05,1.08e-05,9.73e-06,1.13e-05,1.01e-05,7.66e-06,1.12e-05,1.03e-05,8.06e-06,5.26e-06
236,8440.0,1.15e-05,1.07e-05,9.85e-06,1.14e-05,1.07e-05,9.6e-06,1.12e-05,1.01e-05,7.73e-06,1.11e-05,1.02e-05,8.05e-06,5.21e-06
237,8460.0,1.15e-05,1.07e-05,9.91e-06,1.13e-05,1.05e-05,9.51e-06,1.12e-05,1e-05,7.79e-06,1.11e-05,1.01e-05,8.03e-06,5.14e-06
238,8480.0,1.14e-05,1.07e-05,9.92e-06,1.12e-05,1.04e-05,9.38e-06,1.11e-05,1e-05,7.88e-06,1.1e-05,1.01e-05,8.03e-06,5.1e-06
239,8500.0,1.13e-05,1.07e-05,9.87e-06,1.12e-05,1.04e-05,9.28e-06,1.1e-05,1e-05,8.01e-06,1.1e-05,1.01e-05,8.02e-06,5.02e-06
240,8520.0,1.13e-05,1.07e-05,1e-05,1.11e-05,1.03e-05,9.15e-06,1.1e-05,1.01e-05,8.11e-06,1.09e-05,1.01e-05,7.99e-06,4.97e-06
241,8540.0,1.13e-05,1.08e-05,1.01e-05,1.1e-05,1.02e-05,9.02e-06,1.1e-05,1.01e-05,8.23e-06,1.08e-05,1e-05,7.96e-06,4.88e-06
242,8560.0,1.13e-05,1.08e-05,1e-05,1.09e-05,1.01e-05,8.85e-06,1.09e-05,1e-05,8.32e-06,1.08e-05,9.95e-06,7.83e-06,4.77e-06
243,8580.0,1.11e-05,1.08e-05,9.89e-06,1.08e-05,9.93e-06,8.68e-06,1.09e-05,9.98e-06,8.36e-06,1.07e-05,9.9e-06,7.73e-06,4.64e-06
244,8600.0,1.1e-05,1.06e-05,9.68e-06,1.06e-05,9.67e-06,8.4e-06,1.08e-05,9.86e-06,8.33e-06,1.05e-05,9.77e-06,7.51e-06,4.53e-06
245,8620.0,1.08e-05,1.03e-05,9.37e-06,1.04e-05,9.39e-06,8.08e-06,1.06e-05,9.65e-06,8.17e-06,1.03e-05,9.52e-06,7.24e-06,4.39e-06
246,8640.0,1.05e-05,9.9e-06,8.99e-06,1.01e-05,9.05e-06,7.7e-06,1.03e-05,9.29e-06,7.85e-06,1e-05,9.19e-06,6.9e-06,4.15e-06
247,8660.0,1.01e-05,9.62e-06,8.37e-06,9.72e-06,8.68e-06,7.26e-06,9.89e-06,8.84e-06,7.38e-06,9.57e-06,8.74e-06,6.47e-06,3.92e-06
248,8680.0,9.48e-06,8.91e-06,7.62e-06,9.17e-06,8.09e-06,6.71e-06,9.31e-06,8.19e-06,6.74e-06,9.07e-06,8.14e-06,5.93e-06,3.73e-06
249,8700.0,8.79e-06,8.06e-06,6.77e-06,8.44e-06,7.37e-06,6.11e-06,8.63e-06,7.51e-06,6.18e-06,8.4e-06,7.41e-06,5.35e-06,3.51e-06
250,8720.0,7.89e-06,7.12e-06,5.93e-06,7.63e-06,6.61e-06,5.48e-06,7.78e-06,6.69e-06,5.42e-06,7.57e-06,6.59e-06,4.78e-06,3.13e-06
251,8740.0,6.91e-06,6.21e-06,5.13e-06,6.77e-06,5.85e-06,4.87e-06,6.82e-06,5.86e-06,4.73e-06,6.67e-06,5.84e-06,4.28e-06,3.06e-06
252,8760.0,5.98e-06,5.32e-06,4.42e-06,5.9e-06,5.09e-06,4.3e-06,5.91e-06,5.03e-06,4.14e-06,5.82e-06,5.13e-06,3.93e-06,2.96e-06
253,8780.0,5.14e-06,4.57e-06,3.8e-06,5.06e-06,4.41e-06,3.79e-06,5.11e-06,4.35e-06,3.58e-06,5.06e-06,4.5e-06,3.69e-06,2.65e-06
254,8800.0,4.43e-06,4.01e-06,3.28e-06,4.35e-06,3.84e-06,3.36e-06,4.43e-06,4e-06,3.25e-06,4.38e-06,3.99e-06,3.37e-06,2.73e-06
255,8820.0,3.83e-06,3.6e-06,2.91e-06,3.77e-06,3.38e-06,3.03e-06,3.86e-06,3.54e-06,3.03e-06,3.81e-06,3.54e-06,3.12e-06,2.64e-06
256,8840.0,3.35e-06,3.22e-06,2.62e-06,3.31e-06,3.04e-06,2.78e-06,3.42e-06,3.21e-06,2.79e-06,3.36e-06,3.18e-06,2.93e-06,2.55e-06
257,8860.0,3.02e-06,2.96e-06,2.42e-06,2.98e-06,2.79e-06,2.6e-06,3.1e-06,2.95e-06,2.63e-06,3.03e-06,2.96e-06,2.77e-06,2.46e-06
258,8880.0,2.77e-06,2.76e-06,2.27e-06,2.76e-06,2.62e-06,2.47e-06,2.86e-06,2.73e-06,2.49e-06,2.8e-06,2.78e-06,2.63e-06,2.4e-06
259,8900.0,2.57e-06,2.58e-06,2.21e-06,2.59e-06,2.48e-06,2.4e-06,2.68e-06,2.59e-06,2.37e-06,2.62e-06,2.64e-06,2.54e-06,2.34e-06
260,8920.0,2.45e-06,2.48e-06,2.12e-06,2.45e-06,2.37e-06,2.32e-06,2.53e-06,2.47e-06,2.28e-06,2.47e-06,2.51e-06,2.44e-06,2.27e-06
261,8940.0,2.35e-06,2.4e-06,2.04e-06,2.33e-06,2.28e-06,2.26e-06,2.42e-06,2.36e-06,2.21e-06,2.37e-06,2.42e-06,2.35e-06,2.21e-06
262,8960.0,2.26e-06,2.32e-06,1.99e-06,2.25e-06,2.21e-06,2.22e-06,2.33e-06,2.28e-06,2.15e-06,2.3e-06,2.33e-06,2.27e-06,2.16e-06
263,8980.0,2.19e-06,2.26e-06,1.93e-06,2.19e-06,2.15e-06,2.18e-06,2.26e-06,2.2e-06,2.08e-06,2.21e-06,2.24e-06,2.22e-06,2.13e-06
264,9000.0,2.11e-06,2.17e-06,1.88e-06,2.11e-06,2.1e-06,2.13e-06,2.18e-06,2.13e-06,2.02e-06,2.14e-06,2.17e-06,2.15e-06,2.09e-06
265,9020.0,2.04e-06,2.09e-06,1.84e-06,2.04e-06,2.05e-06,2.09e-06,2.11e-06,2.06e-06,1.95e-06,2.06e-06,2.12e-06,2.09e-06,2.03e-06
266,9040.0,1.97e-06,2.03e-06,1.81e-06,1.96e-06,2e-06,2.05e-06,2.04e-06,1.99e-06,1.89e-06,1.99e-06,2.04e-06,2.03e-06,2e-06
267,9060.0,1.89e-06,1.98e-06,1.76e-06,1.89e-06,1.94e-06,2.03e-06,1.96e-06,1.94e-06,1.85e-06,1.92e-06,1.97e-06,1.96e-06,1.96e-06
268,9080.0,1.83e-06,1.94e-06,1.74e-06,1.83e-06,1.9e-06,2e-06,1.9e-06,1.88e-06,1.79e-06,1.86e-06,1.92e-06,1.91e-06,1.93e-06
269,9100.0,1.77e-06,1.89e-06,1.69e-06,1.78e-06,1.85e-06,1.95e-06,1.83e-06,1.82e-06,1.73e-06,1.79e-06,1.86e-06,1.87e-06,1.91e-06
270,9120.0,1.71e-06,1.83e-06,1.66e-06,1.71e-06,1.79e-06,1.92e-06,1.77e-06,1.76e-06,1.69e-06,1.73e-06,1.79e-06,1.81e-06,1.88e-06
271,9140.0,1.65e-06,1.77e-06,1.63e-06,1.67e-06,1.76e-06,1.89e-06,1.72e-06,1.7e-06,1.63e-06,1.68e-06,1.74e-06,1.76e-06,1.83e-06
272,9160.0,1.6e-06,1.73e-06,1.59e-06,1.62e-06,1.71e-06,1.87e-06,1.67e-06,1.65e-06,1.59e-06,1.64e-06,1.69e-06,1.73e-06,1.8e-06
273,9180.0,1.55e-06,1.67e-06,1.56e-06,1.59e-06,1.69e-06,1.84e-06,1.61e-06,1.62e-06,1.57e-06,1.58e-06,1.65e-06,1.71e-06,1.78e-06
274,9200.0,1.51e-06,1.65e-06,1.54e-06,1.54e-06,1.66e-06,1.83e-06,1.57e-06,1.59e-06,1.53e-06,1.52e-06,1.6e-06,1.67e-06,1.74e-06
275,9220.0,1.47e-06,1.63e-06,1.51e-06,1.49e-06,1.63e-06,1.81e-06,1.53e-06,1.53e-06,1.51e-06,1.49e-06,1.56e-06,1.65e-06,1.73e-06
276,9240.0,1.45e-06,1.6e-06,1.49e-06,1.47e-06,1.6e-06,1.79e-06,1.48e-06,1.5e-06,1.48e-06,1.45e-06,1.53e-06,1.64e-06,1.72e-06
277,9260.0,1.42e-06,1.58e-06,1.5e-06,1.46e-06,1.59e-06,1.79e-06,1.45e-06,1.47e-06,1.44e-06,1.42e-06,1.51e-06,1.61e-06,1.71e-06
278,9280.0,1.41e-06,1.56e-06,1.49e-06,1.42e-06,1.57e-06,1.77e-06,1.44e-06,1.45e-06,1.41e-06,1.39e-06,1.49e-06,1.59e-06,1.69e-06
279,9300.0,1.39e-06,1.56e-06,1.5e-06,1.4e-06,1.56e-06,1.75e-06,1.42e-06,1.43e-06,1.4e-06,1.37e-06,1.47e-06,1.56e-06,1.69e-06
280,9320.0,1.38e-06,1.56e-06,1.49e-06,1.42e-06,1.56e-06,1.77e-06,1.41e-06,1.42e-06,1.41e-06,1.37e-06,1.46e-06,1.54e-06,1.69e-06
281,9340.0,1.36e-06,1.57e-06,1.49e-06,1.42e-06,1.56e-06,1.78e-06,1.4e-06,1.4e-06,1.38e-06,1.36e-06,1.46e-06,1.54e-06,1.66e-06
282,9360.0,1.36e-06,1.56e-06,1.49e-06,1.41e-06,1.56e-06,1.78e-06,1.39e-06,1.4e-06,1.37e-06,1.35e-06,1.45e-06,1.54e-06,1.65e-06
283,9380.0,1.38e-06,1.57e-06,1.49e-06,1.42e-06,1.55e-06,1.8e-06,1.38e-06,1.4e-06,1.37e-06,1.36e-06,1.45e-06,1.54e-06,1.65e-06
284,9400.0,1.39e-06,1.57e-06,1.49e-06,1.41e-06,1.57e-06,1.81e-06,1.4e-06,1.4e-06,1.37e-06,1.37e-06,1.45e-06,1.54e-06,1.65e-06
285,9420.0,1.4e-06,1.58e-06,1.51e-06,1.42e-06,1.59e-06,1.8e-06,1.42e-06,1.41e-06,1.35e-06,1.38e-06,1.45e-06,1.53e-06,1.63e-06
286,9440.0,1.42e-06,1.59e-06,1.52e-06,1.43e-06,1.61e-06,1.81e-06,1.42e-06,1.42e-06,1.37e-06,1.41e-06,1.46e-06,1.53e-06,1.63e-06
287,9460.0,1.44e-06,1.62e-06,1.53e-06,1.46e-06,1.63e-06,1.83e-06,1.43e-06,1.43e-06,1.38e-06,1.42e-06,1.48e-06,1.52e-06,1.62e-06
288,9480.0,1.46e-06,1.63e-06,1.56e-06,1.49e-06,1.65e-06,1.85e-06,1.47e-06,1.45e-06,1.39e-06,1.44e-06,1.5e-06,1.53e-06,1.62e-06
289,9500.0,1.49e-06,1.63e-06,1.56e-06,1.53e-06,1.68e-06,1.87e-06,1.5e-06,1.46e-06,1.42e-06,1.45e-06,1.52e-06,1.54e-06,1.61e-06
290,9520.0,1.51e-06,1.64e-06,1.57e-06,1.56e-06,1.72e-06,1.9e-06,1.53e-06,1.47e-06,1.43e-06,1.49e-06,1.55e-06,1.55e-06,1.61e-06
291,9540.0,1.56e-06,1.68e-06,1.6e-06,1.59e-06,1.75e-06,1.92e-06,1.56e-06,1.52e-06,1.43e-06,1.54e-06,1.56e-06,1.56e-06,1.62e-06
292,9560.0,1.61e-06,1.72e-06,1.63e-06,1.61e-06,1.76e-06,1.92e-06,1.6e-06,1.54e-06,1.44e-06,1.58e-06,1.61e-06,1.57e-06,1.63e-06
293,9580.0,1.67e-06,1.74e-06,1.66e-06,1.67e-06,1.78e-06,1.93e-06,1.64e-06,1.56e-06,1.45e-06,1.62e-06,1.64e-06,1.59e-06,1.63e-06
294,9600.0,1.68e-06,1.8e-06,1.66e-06,1.72e-06,1.82e-06,1.96e-06,1.69e-06,1.6e-06,1.47e-06,1.68e-06,1.66e-06,1.61e-06,1.62e-06
295,9620.0,1.71e-06,1.83e-06,1.66e-06,1.77e-06,1.86e-06,1.99e-06,1.75e-06,1.66e-06,1.49e-06,1.73e-06,1.69e-06,1.63e-06,1.63e-06
296,9640.0,1.78e-06,1.86e-06,1.69e-06,1.84e-06,1.91e-06,2e-06,1.79e-06,1.72e-06,1.51e-06,1.79e-06,1.73e-06,1.66e-06,1.64e-06
297,9660.0,1.85e-06,1.91e-06,1.71e-06,1.92e-06,1.97e-06,2.02e-06,1.86e-06,1.76e-06,1.53e-06,1.87e-06,1.78e-06,1.67e-06,1.66e-06
298,9680.0,1.93e-06,1.95e-06,1.75e-06,1.98e-06,2.03e-06,2.06e-06,1.94e-06,1.78e-06,1.56e-06,1.91e-06,1.84e-06,1.69e-06,1.66e-06
299,9700.0,1.99e-06,1.99e-06,1.79e-06,2.03e-06,2.08e-06,2.1e-06,1.99e-06,1.82e-06,1.59e-06,1.97e-06,1.89e-06,1.74e-06,1.67e-06
300,9720.0,2.07e-06,2.06e-06,1.82e-06,2.09e-06,2.11e-06,2.13e-06,2.07e-06,1.88e-06,1.61e-06,2.05e-06,1.95e-06,1.77e-06,1.66e-06
301,9740.0,2.13e-06,2.12e-06,1.85e-06,2.18e-06,2.17e-06,2.18e-06,2.14e-06,1.94e-06,1.65e-06,2.13e-06,2.01e-06,1.81e-06,1.66e-06
302,9760.0,2.22e-06,2.19e-06,1.88e-06,2.27e-06,2.23e-06,2.2e-06,2.2e-06,2e-06,1.67e-06,2.21e-06,2.08e-06,1.87e-06,1.66e-06
303,9780.0,2.32e-06,2.25e-06,1.95e-06,2.35e-06,2.29e-06,2.22e-06,2.27e-06,2.03e-06,1.7e-06,2.27e-06,2.14e-06,1.93e-06,1.66e-06
304,9800.0,2.4e-06,2.32e-06,2.01e-06,2.4e-06,2.33e-06,2.29e-06,2.34e-06,2.08e-06,1.74e-06,2.36e-06,2.2e-06,1.97e-06,1.67e-06
305,9820.0,2.48e-06,2.4e-06,2.06e-06,2.47e-06,2.4e-06,2.33e-06,2.42e-06,2.16e-06,1.78e-06,2.44e-06,2.26e-06,2.01e-06,1.68e-06
306,9840.0,2.55e-06,2.48e-06,2.12e-06,2.57e-06,2.46e-06,2.36e-06,2.52e-06,2.22e-06,1.83e-06,2.51e-06,2.33e-06,2.04e-06,1.69e-06
307,9860.0,2.66e-06,2.57e-06,2.18e-06,2.66e-06,2.52e-06,2.38e-06,2.61e-06,2.31e-06,1.88e-06,2.58e-06,2.4e-06,2.07e-06,1.7e-06
308,9880.0,2.73e-06,2.65e-06,2.24e-06,2.75e-06,2.58e-06,2.43e-06,2.7e-06,2.4e-06,1.92e-06,2.67e-06,2.47e-06,2.13e-06,1.72e-06
309,9900.0,2.79e-06,2.72e-06,2.32e-06,2.81e-06,2.66e-06,2.53e-06,2.77e-06,2.47e-06,1.97e-06,2.76e-06,2.54e-06,2.19e-06,1.72e-06
310,9920.0,2.9e-06,2.8e-06,2.37e-06,2.9e-06,2.71e-06,2.58e-06,2.84e-06,2.54e-06,2.07e-06,2.83e-06,2.6e-06,2.23e-06,1.73e-06
311,9940.0,3e-06,2.88e-06,2.46e-06,3e-06,2.79e-06,2.63e-06,2.92e-06,2.6e-06,2.12e-06,2.92e-06,2.66e-06,2.27e-06,1.74e-06
312,9960.0,3.1e-06,2.98e-06,2.54e-06,3.07e-06,2.86e-06,2.66e-06,3.02e-06,2.68e-06,2.17e-06,2.99e-06,2.74e-06,2.34e-06,1.74e-06
313,9980.0,3.15e-06,3.09e-06,2.63e-06,3.12e-06,2.91e-06,2.7e-06,3.11e-06,2.77e-06,2.23e-06,3.05e-06,2.82e-06,2.38e-06,1.76e-06
314,10000.0,3.21e-06,3.15e-06,2.74e-06,3.2e-06,2.97e-06,2.74e-06,3.15e-06,2.83e-06,2.29e-06,3.12e-06,2.88e-06,2.4e-06,1.77e-06
315,10020.0,3.31e-06,3.22e-06,2.84e-06,3.28e-06,3.02e-06,2.79e-06,3.21e-06,2.91e-06,2.38e-06,3.21e-06,2.96e-06,2.47e-06,1.8e-06
316,10040.0,3.39e-06,3.33e-06,2.92e-06,3.33e-06,3.07e-06,2.84e-06,3.31e-06,3e-06,2.45e-06,3.3e-06,3.03e-06,2.53e-06,1.81e-06
317,10060.0,3.49e-06,3.42e-06,2.99e-06,3.37e-06,3.11e-06,2.88e-06,3.36e-06,3.1e-06,2.5e-06,3.37e-06,3.07e-06,2.54e-06,1.81e-06
318,10080.0,3.56e-06,3.47e-06,3.07e-06,3.46e-06,3.18e-06,2.89e-06,3.44e-06,3.15e-06,2.6e-06,3.42e-06,3.14e-06,2.58e-06,1.82e-06
319,10100.0,3.61e-06,3.53e-06,3.16e-06,3.52e-06,3.24e-06,2.91e-06,3.52e-06,3.21e-06,2.7e-06,3.5e-06,3.19e-06,2.63e-06,1.81e-06
320,10120.0,3.69e-06,3.61e-06,3.2e-06,3.55e-06,3.26e-06,2.96e-06,3.61e-06,3.25e-06,2.74e-06,3.58e-06,3.24e-06,2.68e-06,1.82e-06
321,10140.0,3.75e-06,3.71e-06,3.25e-06,3.59e-06,3.29e-06,2.95e-06,3.65e-06,3.31e-06,2.8e-06,3.59e-06,3.28e-06,2.72e-06,1.81e-06
322,10160.0,3.82e-06,3.75e-06,3.33e-06,3.63e-06,3.28e-06,2.95e-06,3.71e-06,3.36e-06,2.86e-06,3.62e-06,3.29e-06,2.75e-06,1.79e-06
323,10180.0,3.86e-06,3.83e-06,3.35e-06,3.65e-06,3.31e-06,2.97e-06,3.75e-06,3.38e-06,2.91e-06,3.64e-06,3.29e-06,2.75e-06,1.77e-06
324,10200.0,3.86e-06,3.87e-06,3.37e-06,3.64e-06,3.32e-06,2.98e-06,3.76e-06,3.41e-06,2.96e-06,3.69e-06,3.35e-06,2.77e-06,1.77e-06
325,10220.0,3.86e-06,3.84e-06,3.41e-06,3.65e-06,3.33e-06,2.99e-06,3.79e-06,3.47e-06,3e-06,3.73e-06,3.39e-06,2.79e-06,1.75e-06
326,10240.0,3.85e-06,3.83e-06,3.42e-06,3.65e-06,3.33e-06,2.97e-06,3.79e-06,3.49e-06,3.03e-06,3.7e-06,3.38e-06,2.78e-06,1.7e-06
327,10260.0,3.87e-06,3.81e-06,3.41e-06,3.64e-06,3.32e-06,2.89e-06,3.78e-06,3.47e-06,3.04e-06,3.7e-06,3.38e-06,2.77e-06,1.65e-06
328,10280.0,3.85e-06,3.79e-06,3.4e-06,3.67e-06,3.29e-06,2.84e-06,3.76e-06,3.45e-06,3.06e-06,3.67e-06,3.32e-06,2.74e-06,1.64e-06
329,10300.0,3.83e-06,3.78e-06,3.37e-06,3.62e-06,3.28e-06,2.8e-06,3.71e-06,3.44e-06,3.06e-06,3.63e-06,3.29e-06,2.68e-06,1.61e-06
330,10320.0,3.81e-06,3.74e-06,3.28e-06,3.54e-06,3.21e-06,2.73e-06,3.67e-06,3.42e-06,3.03e-06,3.62e-06,3.29e-06,2.64e-06,1.55e-06
331,10340.0,3.77e-06,3.66e-06,3.23e-06,3.54e-06,3.11e-06,2.67e-06,3.61e-06,3.36e-06,2.98e-06,3.54e-06,3.22e-06,2.55e-06,1.48e-06
332,10360.0,3.68e-06,3.59e-06,3.16e-06,3.51e-06,3.06e-06,2.58e-06,3.54e-06,3.28e-06,2.88e-06,3.48e-06,3.15e-06,2.5e-06,1.43e-06
333,10380.0,3.63e-06,3.48e-06,3e-06,3.45e-06,3.03e-06,2.53e-06,3.49e-06,3.2e-06,2.75e-06,3.42e-06,3.07e-06,2.43e-06,1.36e-06
334,10400.0,3.56e-06,3.37e-06,2.83e-06,3.33e-06,2.9e-06,2.46e-06,3.41e-06,3.06e-06,2.62e-06,3.32e-06,2.96e-06,2.27e-06,1.31e-06
335,10420.0,3.41e-06,3.26e-06,2.66e-06,3.18e-06,2.75e-06,2.34e-06,3.26e-06,2.9e-06,2.45e-06,3.21e-06,2.8e-06,1.9e-06,1.24e-06
336,10440.0,3.25e-06,3.08e-06,2.47e-06,3.03e-06,2.58e-06,2.19e-06,3.08e-06,2.74e-06,2.25e-06,3.04e-06,2.62e-06,1.7e-06,1.15e-06
337,10460.0,3.04e-06,2.86e-06,2.31e-06,2.84e-06,2.39e-06,2.05e-06,2.88e-06,2.53e-06,2.08e-06,2.81e-06,2.46e-06,1.72e-06,1.07e-06
338,10480.0,2.79e-06,2.6e-06,2.13e-06,2.64e-06,2.22e-06,1.9e-06,2.67e-06,2.33e-06,1.89e-06,2.61e-06,2.29e-06,1.47e-06,1.05e-06
339,10500.0,2.58e-06,2.27e-06,1.91e-06,2.4e-06,2.02e-06,1.74e-06,2.44e-06,2.13e-06,1.73e-06,2.39e-06,2.07e-06,1.36e-06,9.99e-07
340,10520.0,2.34e-06,2.04e-06,1.75e-06,2.16e-06,1.85e-06,1.58e-06,2.24e-06,1.95e-06,1.39e-06,2.19e-06,1.83e-06,1.27e-06,9.35e-07
341,10540.0,2.03e-06,1.86e-06,1.62e-06,1.95e-06,1.69e-06,1.45e-06,2.04e-06,1.72e-06,1.26e-06,1.94e-06,1.67e-06,1.19e-06,9.16e-07
342,10560.0,1.81e-06,1.69e-06,1.44e-06,1.8e-06,1.55e-06,1.35e-06,1.81e-06,1.52e-06,1.2e-06,1.76e-06,1.54e-06,1.11e-06,8.78e-07
343,10580.0,1.67e-06,1.65e-06,1.34e-06,1.65e-06,1.43e-06,1.24e-06,1.66e-06,1.41e-06,1.09e-06,1.62e-06,1.43e-06,1.05e-06,8.47e-07
344,10600.0,1.55e-06,1.4e-06,1.25e-06,1.53e-06,1.32e-06,1.19e-06,1.53e-06,1.31e-06,1.03e-06,1.5e-06,1.33e-06,9.93e-07,8.18e-07
345,10620.0,1.43e-06,1.31e-06,1.17e-06,1.4e-06,1.27e-06,1.09e-06,1.41e-06,1.22e-06,9.64e-07,1.39e-06,1.25e-06,9.4e-07,8.01e-07
346,10640.0,1.33e-06,1.3e-06,1.09e-06,1.3e-06,1.15e-06,1.01e-06,1.31e-06,1.14e-06,9.08e-07,1.3e-06,1.16e-06,8.9e-07,7.8e-07
347,10660.0,1.23e-06,1.26e-06,1.02e-06,1.2e-06,1.07e-06,9.25e-07,1.21e-06,1.07e-06,8.54e-07,1.2e-06,1.09e-06,8.42e-07,7.55e-07
348,10680.0,1.14e-06,1.15e-06,9.45e-07,1.12e-06,1e-06,8.68e-07,1.13e-06,9.93e-07,8.02e-07,1.12e-06,1.02e-06,7.95e-07,7.24e-07
349,10700.0,1.06e-06,9.75e-07,8.77e-07,1.03e-06,9.33e-07,8.16e-07,1.04e-06,9.24e-07,7.52e-07,1.04e-06,9.47e-07,7.5e-07,6.86e-07
350,10720.0,9.78e-07,9.03e-07,8.13e-07,9.6e-07,8.72e-07,7.67e-07,9.65e-07,8.59e-07,7.03e-07,9.62e-07,8.83e-07,7.08e-07,6.3e-07
351,10740.0,9.04e-07,8.36e-07,7.54e-07,8.92e-07,8.15e-07,7.23e-07,8.94e-07,7.98e-07,6.56e-07,8.93e-07,8.23e-07,6.66e-07,6.18e-07
352,10760.0,8.38e-07,7.75e-07,7e-07,8.3e-07,7.65e-07,6.83e-07,8.28e-07,7.43e-07,6.11e-07,8.29e-07,7.68e-07,6.28e-07,6.26e-07
353,10780.0,7.77e-07,7.19e-07,6.51e-07,7.74e-07,7.18e-07,6.47e-07,7.69e-07,6.91e-07,5.7e-07,7.72e-07,7.17e-07,5.92e-07,6.07e-07
354,10800.0,7.24e-07,6.7e-07,6.07e-07,7.24e-07,6.77e-07,6.14e-07,7.15e-07,6.45e-07,5.31e-07,7.2e-07,6.72e-07,5.59e-07,6.18e-07
355,10820.0,6.77e-07,6.28e-07,5.7e-07,6.81e-07,6.41e-07,5.86e-07,6.69e-07,6.06e-07,4.97e-07,6.76e-07,6.33e-07,5.3e-07,5.76e-07
356,10840.0,6.37e-07,5.91e-07,5.38e-07,6.43e-07,6.1e-07,5.61e-07,6.29e-07,5.71e-07,4.67e-07,6.37e-07,5.98e-07,5.04e-07,5.41e-07
357,10860.0,6.02e-07,5.59e-07,5.1e-07,6.11e-07,5.83e-07,5.39e-07,5.95e-07,5.41e-07,4.42e-07,6.04e-07,5.69e-07,4.82e-07,5.35e-07
358,10880.0,5.73e-07,5.33e-07,4.86e-07,5.83e-07,5.6e-07,5.21e-07,5.66e-07,5.16e-07,4.2e-07,5.76e-07,5.43e-07,4.62e-07,5.75e-07
359,10900.0,5.48e-07,5.1e-07,4.66e-07,5.6e-07,5.4e-07,5.04e-07,5.41e-07,4.94e-07,4.02e-07,5.52e-07,5.22e-07,4.45e-07,5.47e-07
360,10920.0,5.27e-07,4.91e-07,4.49e-07,5.39e-07,5.22e-07,4.9e-07,5.2e-07,4.76e-07,3.86e-07,5.31e-07,5.03e-07,4.3e-07,5.08e-07
361,10940.0,5.09e-07,4.74e-07,4.35e-07,5.22e-07,5.07e-07,4.77e-07,5.02e-07,4.6e-07,3.72e-07,5.13e-07,4.87e-07,4.17e-07,4.86e-07
362,10960.0,4.94e-07,4.6e-07,4.22e-07,5.07e-07,4.94e-07,4.65e-07,4.87e-07,4.46e-07,3.6e-07,4.98e-07,4.73e-07,4.05e-07,4.72e-07
363,10980.0,4.81e-07,4.47e-07,4.1e-07,4.94e-07,4.82e-07,4.55e-07,4.73e-07,4.34e-07,3.49e-07,4.85e-07,4.6e-07,3.94e-07,
364,11000.0,4.69e-07,4.36e-07,3.99e-07,4.82e-07,4.71e-07,4.45e-07,4.61e-07,4.23e-07,3.4e-07,4.73e-07,4.49e-07,3.83e-07,
365,11020.0,4.58e-07,4.26e-07,3.9e-07,4.71e-07,4.61e-07,4.35e-07,4.5e-07,4.13e-07,3.31e-07,4.62e-07,4.38e-07,3.74e-07,
366,11040.0,4.48e-07,4.16e-07,3.81e-07,4.61e-07,4.51e-07,4.26e-07,4.4e-07,4.03e-07,3.22e-07,4.52e-07,4.29e-07,3.64e-07,
367,11060.0,4.39e-07,4.08e-07,3.72e-07,4.52e-07,4.42e-07,4.17e-07,4.31e-07,3.95e-07,3.14e-07,4.43e-07,4.19e-07,3.56e-07,
368,11080.0,4.3e-07,3.99e-07,3.64e-07,4.43e-07,4.33e-07,4.09e-07,4.22e-07,3.86e-07,3.06e-07,4.34e-07,4.1e-07,3.47e-07,
369,11100.0,4.22e-07,3.92e-07,3.57e-07,4.35e-07,4.24e-07,4e-07,4.14e-07,3.78e-07,2.99e-07,4.26e-07,4.02e-07,3.39e-07,
370,11120.0,4.15e-07,3.84e-07,3.49e-07,4.27e-07,4.16e-07,3.92e-07,4.05e-07,3.7e-07,2.92e-07,4.18e-07,3.93e-07,3.3e-07,
371,11140.0,4.07e-07,3.77e-07,3.42e-07,4.19e-07,4.07e-07,3.83e-07,3.98e-07,3.63e-07,2.85e-07,4.1e-07,3.85e-07,3.22e-07,
372,11160.0,4e-07,3.7e-07,3.35e-07,4.11e-07,3.99e-07,3.75e-07,3.9e-07,3.55e-07,2.78e-07,4.02e-07,3.77e-07,3.14e-07,
373,11180.0,3.93e-07,3.63e-07,3.28e-07,4.04e-07,3.91e-07,3.67e-07,3.83e-07,3.48e-07,2.71e-07,3.95e-07,3.69e-07,3.07e-07,
374,11200.0,3.86e-07,3.55e-07,3.21e-07,3.96e-07,3.83e-07,3.58e-07,3.76e-07,3.41e-07,2.65e-07,3.87e-07,3.61e-07,2.99e-07,
375,11220.0,3.79e-07,3.48e-07,3.14e-07,3.89e-07,3.75e-07,3.5e-07,3.68e-07,3.33e-07,2.59e-07,3.8e-07,3.53e-07,2.92e-07,
376,11240.0,3.72e-07,3.41e-07,3.07e-07,3.82e-07,3.67e-07,3.42e-07,3.61e-07,3.26e-07,2.52e-07,3.72e-07,3.45e-07,2.85e-07,
377,11260.0,3.65e-07,3.35e-07,3e-07,3.74e-07,3.6e-07,3.34e-07,3.54e-07,3.19e-07,2.46e-07,3.65e-07,3.38e-07,2.78e-07,
378,11280.0,3.58e-07,3.28e-07,2.93e-07,3.67e-07,3.52e-07,3.26e-07,3.47e-07,3.13e-07,2.41e-07,3.58e-07,3.31e-07,2.72e-07,
379,11300.0,3.51e-07,3.21e-07,2.86e-07,3.6e-07,3.45e-07,3.18e-07,3.4e-07,3.06e-07,2.36e-07,3.5e-07,3.24e-07,2.66e-07,
380,11320.0,3.45e-07,3.15e-07,2.8e-07,3.53e-07,3.37e-07,3.11e-07,3.34e-07,3e-07,2.31e-07,3.43e-07,3.17e-07,2.6e-07,
381,11340.0,3.38e-07,3.08e-07,2.75e-07,3.46e-07,3.3e-07,3.04e-07,3.27e-07,2.94e-07,2.26e-07,3.37e-07,3.1e-07,2.55e-07,
382,11360.0,3.32e-07,3.03e-07,2.69e-07,3.39e-07,3.24e-07,2.98e-07,3.21e-07,2.89e-07,2.22e-07,3.3e-07,3.04e-07,2.5e-07,
383,11380.0,3.25e-07,2.97e-07,2.64e-07,3.32e-07,3.17e-07,2.92e-07,3.15e-07,2.84e-07,2.18e-07,3.24e-07,2.98e-07,2.46e-07,
384,11400.0,3.2e-07,2.92e-07,2.6e-07,3.26e-07,3.11e-07,2.86e-07,3.09e-07,2.79e-07,2.15e-07,3.18e-07,2.93e-07,2.41e-07,
385,11420.0,3.14e-07,2.87e-07,2.56e-07,3.2e-07,3.06e-07,2.81e-07,3.04e-07,2.75e-07,2.12e-07,3.12e-07,2.88e-07,2.38e-07,
386,11440.0,3.09e-07,2.83e-07,2.53e-07,3.15e-07,3.01e-07,2.76e-07,2.99e-07,2.7e-07,2.09e-07,3.07e-07,2.83e-07,2.34e-07,
387,11460.0,3.05e-07,2.8e-07,2.5e-07,3.1e-07,2.96e-07,2.72e-07,2.94e-07,2.67e-07,2.07e-07,3.02e-07,2.79e-07,2.31e-07,
388,11480.0,3e-07,2.76e-07,2.48e-07,3.05e-07,2.92e-07,2.68e-07,2.9e-07,2.63e-07,2.05e-07,2.98e-07,2.76e-07,2.28e-07,
389,11500.0,2.96e-07,2.73e-07,2.46e-07,3.01e-07,2.88e-07,2.64e-07,2.86e-07,2.6e-07,2.03e-07,2.93e-07,2.72e-07,2.25e-07,
390,11520.0,2.93e-07,2.71e-07,2.44e-07,2.96e-07,2.84e-07,2.61e-07,2.83e-07,2.58e-07,2.01e-07,2.89e-07,2.69e-07,2.23e-07,
391,11540.0,2.9e-07,2.69e-07,2.43e-07,2.93e-07,2.8e-07,2.58e-07,2.79e-07,2.55e-07,2e-07,2.86e-07,2.66e-07,2.2e-07,
392,11560.0,2.87e-07,2.67e-07,2.42e-07,2.89e-07,2.77e-07,2.55e-07,2.76e-07,2.53e-07,1.99e-07,2.83e-07,2.63e-07,2.18e-07,
393,11580.0,2.84e-07,2.65e-07,2.41e-07,2.86e-07,2.74e-07,2.52e-07,2.74e-07,2.51e-07,1.98e-07,2.8e-07,2.6e-07,2.16e-07,
394,11600.0,2.82e-07,2.64e-07,2.4e-07,2.83e-07,2.71e-07,2.49e-07,2.71e-07,2.49e-07,1.97e-07,2.77e-07,2.58e-07,2.14e-07,
395,11620.0,2.79e-07,2.62e-07,2.4e-07,2.8e-07,2.68e-07,2.47e-07,2.69e-07,2.47e-07,1.96e-07,2.74e-07,2.56e-07,2.13e-07,
396,11640.0,2.77e-07,2.61e-07,2.39e-07,2.77e-07,2.66e-07,2.44e-07,2.66e-07,2.45e-07,1.96e-07,2.71e-07,2.53e-07,2.11e-07,
397,11660.0,2.74e-07,2.6e-07,2.39e-07,2.74e-07,2.63e-07,2.42e-07,2.64e-07,2.44e-07,1.95e-07,2.69e-07,2.51e-07,2.09e-07,
398,11680.0,2.72e-07,2.58e-07,2.38e-07,2.71e-07,2.6e-07,2.39e-07,2.62e-07,2.42e-07,1.95e-07,2.66e-07,2.49e-07,2.07e-07,
399,11700.0,2.7e-07,2.57e-07,2.37e-07,2.68e-07,2.57e-07,2.36e-07,2.59e-07,2.4e-07,1.95e-07,2.63e-07,2.47e-07,2.05e-07,
400,11720.0,2.67e-07,2.55e-07,2.36e-07,2.65e-07,2.55e-07,2.34e-07,2.57e-07,2.38e-07,1.94e-07,2.6e-07,2.44e-07,2.03e-07,
401,11740.0,2.64e-07,2.53e-07,2.35e-07,2.62e-07,2.52e-07,2.31e-07,2.54e-07,2.36e-07,1.94e-07,2.57e-07,2.42e-07,2.01e-07,
402,11760.0,2.62e-07,2.51e-07,2.34e-07,2.58e-07,2.49e-07,2.28e-07,2.52e-07,2.34e-07,1.93e-07,2.54e-07,2.39e-07,1.99e-07,
403,11780.0,2.59e-07,2.49e-07,2.32e-07,2.55e-07,2.46e-07,2.25e-07,2.49e-07,2.32e-07,1.92e-07,2.51e-07,2.36e-07,1.97e-07,
404,11800.0,2.56e-07,2.47e-07,2.31e-07,2.52e-07,2.43e-07,2.22e-07,2.46e-07,2.29e-07,1.92e-07,2.48e-07,2.34e-07,1.94e-07,
405,11820.0,2.53e-07,2.45e-07,2.29e-07,2.49e-07,2.4e-07,2.19e-07,2.43e-07,2.26e-07,1.91e-07,2.45e-07,2.31e-07,1.92e-07,
406,11840.0,2.5e-07,2.42e-07,2.26e-07,2.46e-07,2.37e-07,2.16e-07,2.4e-07,2.24e-07,1.89e-07,2.42e-07,2.27e-07,1.89e-07,
407,11860.0,2.47e-07,2.39e-07,2.23e-07,2.43e-07,2.33e-07,2.12e-07,2.37e-07,2.2e-07,1.87e-07,2.39e-07,2.24e-07,1.85e-07,
408,11880.0,2.44e-07,2.36e-07,2.2e-07,2.39e-07,2.3e-07,2.09e-07,2.34e-07,2.17e-07,1.84e-07,2.36e-07,2.21e-07,1.82e-07,
409,11900.0,2.41e-07,2.32e-07,2.15e-07,2.36e-07,2.26e-07,2.05e-07,2.3e-07,2.13e-07,1.8e-07,2.32e-07,2.17e-07,1.77e-07,
410,11920.0,2.37e-07,2.27e-07,2.1e-07,2.32e-07,2.22e-07,2.01e-07,2.26e-07,2.08e-07,1.75e-07,2.28e-07,2.12e-07,1.72e-07,
411,11940.0,2.32e-07,2.21e-07,2.03e-07,2.28e-07,2.18e-07,1.96e-07,2.21e-07,2.02e-07,1.68e-07,2.24e-07,2.07e-07,1.67e-07,
412,11960.0,2.26e-07,2.14e-07,1.95e-07,2.23e-07,2.12e-07,1.9e-07,2.15e-07,1.95e-07,1.6e-07,2.18e-07,2e-07,1.6e-07,
413,11980.0,2.19e-07,2.06e-07,1.86e-07,2.17e-07,2.05e-07,1.84e-07,2.08e-07,1.87e-07,1.51e-07,2.12e-07,1.93e-07,1.53e-07,
414,12000.0,2.1e-07,1.95e-07,1.76e-07,2.09e-07,1.97e-07,1.76e-07,2e-07,1.77e-07,1.42e-07,2.03e-07,1.84e-07,1.46e-07,
415,12020.0,1.99e-07,1.84e-07,1.65e-07,1.99e-07,1.88e-07,1.69e-07,1.89e-07,1.67e-07,1.32e-07,1.94e-07,1.75e-07,1.39e-07,
416,12040.0,1.87e-07,1.72e-07,1.54e-07,1.88e-07,1.78e-07,1.61e-07,1.77e-07,1.57e-07,1.23e-07,1.82e-07,1.64e-07,1.32e-07,
417,12060.0,1.74e-07,1.6e-07,1.45e-07,1.76e-07,1.68e-07,1.53e-07,1.65e-07,1.47e-07,1.15e-07,1.7e-07,1.54e-07,1.25e-07,
418,12080.0,1.62e-07,1.5e-07,1.36e-07,1.64e-07,1.59e-07,1.47e-07,1.53e-07,1.37e-07,1.08e-07,1.59e-07,1.45e-07,1.2e-07,
419,12100.0,1.52e-07,1.41e-07,1.29e-07,1.54e-07,1.52e-07,1.42e-07,1.43e-07,1.29e-07,1.03e-07,1.49e-07,1.37e-07,1.15e-07,
420,12120.0,1.43e-07,1.34e-07,1.24e-07,1.46e-07,1.46e-07,1.37e-07,1.35e-07,1.23e-07,9.79e-08,1.41e-07,1.31e-07,1.11e-07,
421,12140.0,1.37e-07,1.28e-07,1.19e-07,1.4e-07,1.41e-07,1.34e-07,1.28e-07,1.18e-07,9.41e-08,1.34e-07,1.25e-07,1.08e-07,
422,12160.0,1.31e-07,1.24e-07,1.16e-07,1.35e-07,1.37e-07,1.31e-07,1.23e-07,1.14e-07,9.1e-08,1.29e-07,1.21e-07,1.05e-07,
423,12180.0,1.27e-07,1.21e-07,1.13e-07,1.31e-07,1.33e-07,1.28e-07,1.19e-07,1.1e-07,8.83e-08,1.25e-07,1.18e-07,1.03e-07,
424,12200.0,1.24e-07,1.18e-07,1.1e-07,1.28e-07,1.31e-07,1.27e-07,1.16e-07,1.07e-07,8.59e-08,1.22e-07,1.15e-07,1e-07,
425,12220.0,1.21e-07,1.15e-07,1.08e-07,1.25e-07,1.29e-07,1.25e-07,1.13e-07,1.05e-07,8.39e-08,1.2e-07,1.13e-07,9.86e-08,
426,12240.0,1.19e-07,1.13e-07,1.06e-07,1.23e-07,1.27e-07,1.23e-07,1.1e-07,1.03e-07,8.2e-08,1.17e-07,1.11e-07,9.7e-08,
427,12260.0,1.17e-07,1.11e-07,1.04e-07,1.21e-07,1.26e-07,1.22e-07,1.08e-07,1.01e-07,8.03e-08,1.15e-07,1.09e-07,9.54e-08,
428,12280.0,1.15e-07,1.09e-07,1.03e-07,1.2e-07,1.24e-07,1.21e-07,1.07e-07,9.94e-08,7.87e-08,1.14e-07,1.07e-07,9.4e-08,
429,12300.0,1.14e-07,1.08e-07,1.01e-07,1.18e-07,1.23e-07,1.2e-07,1.05e-07,9.8e-08,7.72e-08,1.12e-07,1.06e-07,9.28e-08,
430,12320.0,1.13e-07,1.07e-07,1e-07,1.17e-07,1.22e-07,1.2e-07,1.04e-07,9.68e-08,7.58e-08,1.11e-07,1.05e-07,9.16e-08,
431,12340.0,1.12e-07,1.06e-07,9.89e-08,1.17e-07,1.22e-07,1.19e-07,1.03e-07,9.57e-08,7.46e-08,1.1e-07,1.04e-07,9.06e-08,
432,12360.0,1.11e-07,1.05e-07,9.81e-08,1.16e-07,1.21e-07,1.19e-07,1.02e-07,9.49e-08,7.36e-08,1.1e-07,1.03e-07,8.98e-08,
433,12380.0,1.11e-07,1.05e-07,9.73e-08,1.16e-07,1.21e-07,1.18e-07,1.02e-07,9.43e-08,7.27e-08,1.09e-07,1.03e-07,8.91e-08,
434,12400.0,1.11e-07,1.04e-07,9.68e-08,1.16e-07,1.21e-07,1.18e-07,1.01e-07,9.39e-08,7.19e-08,1.09e-07,1.02e-07,8.85e-08,
435,12420.0,1.11e-07,1.04e-07,9.64e-08,1.16e-07,1.21e-07,1.18e-07,1.01e-07,9.37e-08,7.14e-08,1.09e-07,1.02e-07,8.8e-08,
436,12440.0,1.11e-07,1.04e-07,9.62e-08,1.16e-07,1.21e-07,1.18e-07,1.02e-07,9.37e-08,7.1e-08,1.09e-07,1.02e-07,8.77e-08,
437,12460.0,1.12e-07,1.05e-07,9.62e-08,1.17e-07,1.22e-07,1.18e-07,1.02e-07,9.39e-08,7.07e-08,1.1e-07,1.02e-07,8.75e-08,
438,12480.0,1.12e-07,1.05e-07,9.63e-08,1.17e-07,1.22e-07,1.18e-07,1.03e-07,9.42e-08,7.06e-08,1.11e-07,1.03e-07,8.74e-08,
439,12500.0,1.13e-07,1.06e-07,9.64e-08,1.18e-07,1.22e-07,1.18e-07,1.04e-07,9.47e-08,7.06e-08,1.11e-07,1.03e-07,8.73e-08,
440,12520.0,1.14e-07,1.06e-07,9.67e-08,1.19e-07,1.23e-07,1.18e-07,1.04e-07,9.53e-08,7.07e-08,1.12e-07,1.04e-07,8.74e-08,
441,12540.0,1.15e-07,1.07e-07,9.7e-08,1.2e-07,1.24e-07,1.18e-07,1.05e-07,9.61e-08,7.09e-08,1.13e-07,1.04e-07,8.75e-08,
442,12560.0,1.17e-07,1.08e-07,9.74e-08,1.21e-07,1.24e-07,1.19e-07,1.07e-07,9.68e-08,7.12e-08,1.14e-07,1.05e-07,8.77e-08,
443,12580.0,1.18e-07,1.09e-07,9.78e-08,1.22e-07,1.25e-07,1.19e-07,1.08e-07,9.77e-08,7.15e-08,1.16e-07,1.06e-07,8.79e-08,
444,12600.0,1.19e-07,1.1e-07,9.83e-08,1.23e-07,1.26e-07,1.19e-07,1.09e-07,9.87e-08,7.19e-08,1.17e-07,1.07e-07,8.82e-08,
445,12620.0,1.21e-07,1.11e-07,9.88e-08,1.25e-07,1.26e-07,1.19e-07,1.11e-07,9.97e-08,7.23e-08,1.18e-07,1.08e-07,8.85e-08,
446,12640.0,1.22e-07,1.12e-07,9.93e-08,1.26e-07,1.27e-07,1.19e-07,1.12e-07,1.01e-07,7.28e-08,1.2e-07,1.09e-07,8.89e-08,
447,12660.0,1.24e-07,1.13e-07,1e-07,1.27e-07,1.28e-07,1.19e-07,1.13e-07,1.02e-07,7.34e-08,1.21e-07,1.1e-07,8.93e-08,
448,12680.0,1.25e-07,1.15e-07,1.01e-07,1.28e-07,1.28e-07,1.2e-07,1.15e-07,1.03e-07,7.39e-08,1.22e-07,1.11e-07,8.97e-08,
449,12700.0,1.27e-07,1.16e-07,1.01e-07,1.29e-07,1.29e-07,1.2e-07,1.16e-07,1.04e-07,7.46e-08,1.24e-07,1.12e-07,9.01e-08,
450,12720.0,1.28e-07,1.17e-07,1.02e-07,1.31e-07,1.3e-07,1.2e-07,1.18e-07,1.05e-07,7.53e-08,1.25e-07,1.13e-07,9.07e-08,
451,12740.0,1.29e-07,1.18e-07,1.03e-07,1.32e-07,1.31e-07,1.2e-07,1.19e-07,1.06e-07,7.6e-08,1.26e-07,1.14e-07,9.12e-08,
452,12760.0,1.31e-07,1.2e-07,1.04e-07,1.33e-07,1.31e-07,1.21e-07,1.2e-07,1.08e-07,7.68e-08,1.28e-07,1.15e-07,9.18e-08,
453,12780.0,1.32e-07,1.21e-07,1.05e-07,1.34e-07,1.32e-07,1.21e-07,1.22e-07,1.09e-07,7.76e-08,1.29e-07,1.16e-07,9.23e-08,
454,12800.0,1.34e-07,1.22e-07,1.06e-07,1.35e-07,1.33e-07,1.21e-07,1.23e-07,1.1e-07,7.84e-08,1.3e-07,1.17e-07,9.29e-08,
455,12820.0,1.35e-07,1.24e-07,1.07e-07,1.36e-07,1.33e-07,1.21e-07,1.24e-07,1.11e-07,7.92e-08,1.31e-07,1.18e-07,9.34e-08,
456,12840.0,1.36e-07,1.25e-07,1.09e-07,1.37e-07,1.34e-07,1.22e-07,1.26e-07,1.12e-07,8.01e-08,1.32e-07,1.19e-07,9.4e-08,
457,12860.0,1.38e-07,1.26e-07,1.1e-07,1.38e-07,1.35e-07,1.22e-07,1.27e-07,1.13e-07,8.1e-08,1.33e-07,1.2e-07,9.45e-08,
458,12880.0,1.39e-07,1.28e-07,1.11e-07,1.39e-07,1.35e-07,1.22e-07,1.28e-07,1.14e-07,8.18e-08,1.34e-07,1.21e-07,9.5e-08,
459,12900.0,1.4e-07,1.29e-07,1.12e-07,1.4e-07,1.36e-07,1.22e-07,1.29e-07,1.15e-07,8.27e-08,1.35e-07,1.22e-07,9.55e-08,
460,12920.0,1.41e-07,1.3e-07,1.13e-07,1.4e-07,1.36e-07,1.22e-07,1.3e-07,1.16e-07,8.36e-08,1.36e-07,1.23e-07,9.6e-08,
461,12940.0,1.42e-07,1.31e-07,1.14e-07,1.41e-07,1.36e-07,1.23e-07,1.31e-07,1.17e-07,8.46e-08,1.37e-07,1.23e-07,9.65e-08,
462,12960.0,1.43e-07,1.32e-07,1.15e-07,1.41e-07,1.37e-07,1.23e-07,1.32e-07,1.18e-07,8.55e-08,1.37e-07,1.24e-07,9.69e-08,
463,12980.0,1.43e-07,1.33e-07,1.16e-07,1.42e-07,1.37e-07,1.23e-07,1.33e-07,1.19e-07,8.65e-08,1.38e-07,1.25e-07,9.73e-08,
464,13000.0,1.44e-07,1.34e-07,1.18e-07,1.42e-07,1.37e-07,1.23e-07,1.34e-07,1.2e-07,8.75e-08,1.38e-07,1.25e-07,9.77e-08,
465,13020.0,1.45e-07,1.35e-07,1.19e-07,1.43e-07,1.38e-07,1.23e-07,1.34e-07,1.21e-07,8.85e-08,1.39e-07,1.26e-07,9.82e-08,
466,13040.0,1.45e-07,1.36e-07,1.2e-07,1.43e-07,1.38e-07,1.23e-07,1.35e-07,1.22e-07,8.95e-08,1.39e-07,1.26e-07,9.86e-08,
467,13060.0,1.46e-07,1.37e-07,1.21e-07,1.43e-07,1.38e-07,1.22e-07,1.35e-07,1.22e-07,9.05e-08,1.4e-07,1.27e-07,9.89e-08,
468,13080.0,1.46e-07,1.38e-07,1.22e-07,1.43e-07,1.38e-07,1.22e-07,1.36e-07,1.23e-07,9.15e-08,1.4e-07,1.27e-07,9.92e-08,
469,13100.0,1.47e-07,1.39e-07,1.23e-07,1.43e-07,1.38e-07,1.22e-07,1.37e-07,1.24e-07,9.25e-08,1.4e-07,1.27e-07,9.95e-08,
470,13120.0,1.47e-07,1.39e-07,1.23e-07,1.43e-07,1.38e-07,1.22e-07,1.37e-07,1.24e-07,9.36e-08,1.4e-07,1.28e-07,9.98e-08,
471,13140.0,1.47e-07,1.4e-07,1.24e-07,1.43e-07,1.37e-07,1.21e-07,1.37e-07,1.25e-07,9.46e-08,1.4e-07,1.28e-07,1e-07,
472,13160.0,1.48e-07,1.41e-07,1.25e-07,1.43e-07,1.37e-07,1.21e-07,1.38e-07,1.25e-07,9.57e-08,1.41e-07,1.28e-07,1e-07,
473,13180.0,1.48e-07,1.41e-07,1.26e-07,1.43e-07,1.37e-07,1.21e-07,1.38e-07,1.26e-07,9.68e-08,1.41e-07,1.28e-07,1e-07,
474,13200.0,1.48e-07,1.42e-07,1.26e-07,1.43e-07,1.37e-07,1.2e-07,1.38e-07,1.26e-07,9.79e-08,1.41e-07,1.29e-07,1e-07,
475,13220.0,1.48e-07,1.42e-07,1.27e-07,1.42e-07,1.37e-07,1.2e-07,1.38e-07,1.27e-07,9.9e-08,1.41e-07,1.29e-07,1.01e-07,
476,13240.0,1.48e-07,1.42e-07,1.27e-07,1.42e-07,1.36e-07,1.19e-07,1.39e-07,1.27e-07,1e-07,1.41e-07,1.29e-07,1e-07,
477,13260.0,1.48e-07,1.43e-07,1.28e-07,1.42e-07,1.36e-07,1.19e-07,1.39e-07,1.27e-07,1.01e-07,1.41e-07,1.29e-07,1e-07,
478,13280.0,1.48e-07,1.43e-07,1.28e-07,1.42e-07,1.35e-07,1.18e-07,1.39e-07,1.27e-07,1.02e-07,1.4e-07,1.28e-07,1e-07,
479,13300.0,1.48e-07,1.43e-07,1.28e-07,1.41e-07,1.35e-07,1.17e-07,1.39e-07,1.27e-07,1.03e-07,1.4e-07,1.28e-07,9.96e-08,
480,13320.0,1.48e-07,1.43e-07,1.28e-07,1.41e-07,1.34e-07,1.16e-07,1.38e-07,1.27e-07,1.03e-07,1.4e-07,1.28e-07,9.9e-08,
481,13340.0,1.48e-07,1.43e-07,1.28e-07,1.41e-07,1.34e-07,1.16e-07,1.38e-07,1.27e-07,1.04e-07,1.39e-07,1.28e-07,9.82e-08,
482,13360.0,1.47e-07,1.42e-07,1.27e-07,1.4e-07,1.33e-07,1.15e-07,1.38e-07,1.26e-07,1.04e-07,1.39e-07,1.27e-07,9.73e-08,
483,13380.0,1.47e-07,1.42e-07,1.26e-07,1.4e-07,1.32e-07,1.13e-07,1.37e-07,1.25e-07,1.03e-07,1.38e-07,1.26e-07,9.61e-08,
484,13400.0,1.46e-07,1.41e-07,1.25e-07,1.39e-07,1.31e-07,1.12e-07,1.37e-07,1.25e-07,1.03e-07,1.38e-07,1.25e-07,9.48e-08,
485,13420.0,1.46e-07,1.4e-07,1.24e-07,1.39e-07,1.3e-07,1.11e-07,1.36e-07,1.24e-07,1.02e-07,1.37e-07,1.24e-07,9.32e-08,
486,13440.0,1.45e-07,1.39e-07,1.22e-07,1.38e-07,1.29e-07,1.09e-07,1.35e-07,1.22e-07,1.01e-07,1.36e-07,1.23e-07,9.13e-08,
487,13460.0,1.44e-07,1.37e-07,1.2e-07,1.37e-07,1.28e-07,1.07e-07,1.34e-07,1.2e-07,9.85e-08,1.35e-07,1.21e-07,8.92e-08,
488,13480.0,1.43e-07,1.35e-07,1.18e-07,1.36e-07,1.26e-07,1.05e-07,1.33e-07,1.18e-07,9.59e-08,1.34e-07,1.19e-07,8.68e-08,
489,13500.0,1.41e-07,1.33e-07,1.15e-07,1.34e-07,1.24e-07,1.03e-07,1.31e-07,1.15e-07,9.28e-08,1.32e-07,1.17e-07,8.41e-08,
490,13520.0,1.38e-07,1.3e-07,1.11e-07,1.32e-07,1.21e-07,9.97e-08,1.29e-07,1.12e-07,8.91e-08,1.3e-07,1.14e-07,8.1e-08,
491,13540.0,1.35e-07,1.26e-07,1.07e-07,1.29e-07,1.18e-07,9.65e-08,1.26e-07,1.09e-07,8.49e-08,1.27e-07,1.11e-07,7.77e-08,
492,13560.0,1.32e-07,1.21e-07,1.02e-07,1.26e-07,1.14e-07,9.28e-08,1.22e-07,1.04e-07,8.03e-08,1.24e-07,1.07e-07,7.41e-08,
493,13580.0,1.27e-07,1.16e-07,9.65e-08,1.22e-07,1.1e-07,8.87e-08,1.18e-07,9.96e-08,7.53e-08,1.19e-07,1.03e-07,7.03e-08,
494,13600.0,1.21e-07,1.1e-07,9.08e-08,1.16e-07,1.05e-07,8.43e-08,1.12e-07,9.44e-08,7.01e-08,1.14e-07,9.79e-08,6.64e-08,
495,13620.0,1.15e-07,1.04e-07,8.48e-08,1.11e-07,9.91e-08,7.97e-08,1.06e-07,8.88e-08,6.48e-08,1.09e-07,9.26e-08,6.23e-08,
496,13640.0,1.08e-07,9.7e-08,7.88e-08,1.04e-07,9.33e-08,7.5e-08,9.98e-08,8.29e-08,5.96e-08,1.02e-07,8.7e-08,5.83e-08,
497,13660.0,1.01e-07,9.02e-08,7.29e-08,9.71e-08,8.74e-08,7.04e-08,9.29e-08,7.7e-08,5.46e-08,9.54e-08,8.12e-08,5.44e-08,
498,13680.0,9.33e-08,8.36e-08,6.74e-08,9.01e-08,8.16e-08,6.6e-08,8.59e-08,7.12e-08,5.01e-08,8.87e-08,7.56e-08,5.06e-08,
499,13700.0,8.64e-08,7.76e-08,6.23e-08,8.35e-08,7.62e-08,6.19e-08,7.92e-08,6.58e-08,4.59e-08,8.21e-08,7.01e-08,4.72e-08,
500,13720.0,8.02e-08,7.22e-08,5.79e-08,7.76e-08,7.14e-08,5.83e-08,7.31e-08,6.1e-08,4.22e-08,7.62e-08,6.53e-08,4.4e-08,
501,13740.0,7.47e-08,6.74e-08,5.39e-08,7.24e-08,6.71e-08,5.5e-08,6.77e-08,5.66e-08,3.89e-08,7.1e-08,6.11e-08,4.12e-08,
502,13760.0,6.99e-08,6.32e-08,5.04e-08,6.77e-08,6.32e-08,5.21e-08,6.3e-08,5.27e-08,3.6e-08,6.63e-08,5.72e-08,3.86e-08,
503,13780.0,6.56e-08,5.94e-08,4.71e-08,6.37e-08,5.97e-08,4.93e-08,5.89e-08,4.93e-08,3.34e-08,6.23e-08,5.37e-08,3.62e-08,
504,13800.0,6.18e-08,5.6e-08,4.4e-08,6e-08,5.65e-08,4.67e-08,5.51e-08,4.61e-08,3.1e-08,5.86e-08,5.05e-08,3.4e-08,
505,13820.0,5.81e-08,5.26e-08,4.11e-08,5.65e-08,5.34e-08,4.42e-08,5.16e-08,4.31e-08,2.86e-08,5.51e-08,4.76e-08,3.19e-08,
506,13840.0,5.47e-08,4.94e-08,3.83e-08,5.32e-08,5.05e-08,4.18e-08,4.82e-08,4.02e-08,2.64e-08,5.19e-08,4.47e-08,2.98e-08,
507,13860.0,5.14e-08,4.64e-08,3.55e-08,5e-08,4.77e-08,3.95e-08,4.5e-08,3.75e-08,2.43e-08,4.88e-08,4.2e-08,2.79e-08,
508,13880.0,4.82e-08,4.34e-08,3.28e-08,4.69e-08,4.5e-08,3.72e-08,4.19e-08,3.48e-08,2.22e-08,4.58e-08,3.93e-08,2.6e-08,
509,13900.0,4.5e-08,4.05e-08,3.02e-08,4.39e-08,4.23e-08,3.5e-08,3.9e-08,3.22e-08,2.02e-08,4.28e-08,3.67e-08,2.41e-08,
510,13920.0,4.2e-08,3.77e-08,2.77e-08,4.1e-08,3.97e-08,3.29e-08,3.61e-08,2.97e-08,1.82e-08,3.99e-08,3.43e-08,2.23e-08,
511,13940.0,3.91e-08,3.49e-08,2.52e-08,3.83e-08,3.73e-08,3.1e-08,3.32e-08,2.73e-08,1.62e-08,3.72e-08,3.19e-08,2.06e-08,
512,13960.0,3.63e-08,3.24e-08,,3.56e-08,3.5e-08,2.9e-08,3.05e-08,2.5e-08,1.43e-08,3.46e-08,2.96e-08,1.9e-08,
513,13980.0,3.37e-08,2.99e-08,,3.31e-08,3.28e-08,2.72e-08,2.79e-08,2.27e-08,,3.21e-08,2.73e-08,1.73e-08,
514,14000.0,3.11e-08,2.75e-08,,3.07e-08,3.07e-08,2.55e-08,2.56e-08,2.06e-08,,2.97e-08,2.52e-08,,
515,14020.0,2.88e-08,2.54e-08,,2.84e-08,2.87e-08,2.4e-08,2.33e-08,1.86e-08,,2.75e-08,2.32e-08,,
516,14040.0,2.67e-08,2.34e-08,,2.64e-08,2.69e-08,2.25e-08,2.11e-08,1.68e-08,,2.54e-08,2.14e-08,,
517,14060.0,2.47e-08,2.16e-08,,2.46e-08,2.53e-08,2.11e-08,1.92e-08,1.51e-08,,2.36e-08,1.96e-08,,
518,14080.0,2.3e-08,2e-08,,2.28e-08,2.38e-08,1.99e-08,1.76e-08,1.35e-08,,2.19e-08,1.81e-08,,
519,14100.0,2.14e-08,1.85e-08,,2.13e-08,2.24e-08,1.87e-08,1.6e-08,1.21e-08,,2.04e-08,1.67e-08,,
520,14120.0,1.99e-08,1.71e-08,,1.99e-08,2.12e-08,1.77e-08,1.45e-08,1.09e-08,,1.89e-08,1.55e-08,,
521,14140.0,1.85e-08,1.6e-08,,1.86e-08,2e-08,1.67e-08,1.31e-08,9.77e-09,,1.76e-08,1.43e-08,,
522,14160.0,1.73e-08,1.48e-08,,1.74e-08,1.89e-08,1.58e-08,1.2e-08,8.73e-09,,1.65e-08,1.33e-08,,
523,14180.0,1.62e-08,1.38e-08,,1.63e-08,,1.5e-08,,7.77e-09,,1.54e-08,1.23e-08,,
524,14200.0,1.51e-08,1.28e-08,,1.53e-08,,1.41e-08,,6.89e-09,,1.44e-08,,,
525,14220.0,1.41e-08,1.19e-08,,1.43e-08,,1.33e-08,,,,1.34e-08,,,
526,14240.0,1.31e-08,,,1.34e-08,,1.26e-08,,,,1.25e-08,,,
527,14260.0,1.22e-08,,,1.25e-08,,1.18e-08,,,,1.16e-08,,,
528,14280.0,,,,1.17e-08,,,,,,1.08e-08,,,
